use cshelper;
insert into Categories values
("important_date"),
("location"),
("professor"),
("course"),
("cs_department");
insert into UserRoles values
("administrator"),
("developer");
insert into Users (username, userrole) values
("danm", "developer"),
("ksweebe", "developer"),
("amart16", "developer"),
("czbaker", "developer"),
("stran", "administrator");
insert into ImportantDates (important_event, event_date) VALUES
("FACULTY_REPORT","Monday, August 17"),
("OPEN_RESIDENCE_HALLS","Friday, August 14 - Sunday, August 16"),
("ADD_DATE", "Without instructor permission: Thursday, August 20. With instructor permission: Friday, August 28th."),
("WITHDRAW_DATE", "Without refund: Friday, October 16. From university: Friday, December 4th."),
("SEMESTER_START", "Wednesday, August 19"),
("SEMESTER_END", "Friday, December 11"),
("BREAK","Monday through Friday, November 23 through 27."),
("FINALS", "Monday through Friday, December 7 through December 11."),
("REGISTRATION","Come back to this!!"),
("GRADUATION","Friday, December 11 and Saturday, December 12.");
insert into Courses (subj, crse, sec, cmp, cred, title, class_days, class_times, building, room, professor, dates) VALUES
("C S","111","M01","MA","4","CS PRINCIPLES","TR","0900-1015","SH","115","Shaun H. Cooper (P)","01/22-05/15"),
("C S","111L","M01","MA","0","CS PRINCIPLES-LAB","W","1030-1220","SH","118B","Shaun H. Cooper","01/22-05/15"),
("C S","111","M03","MA","4","CS PRINCIPLES","MTWR","1220-1340","TBA","-","Thomas Ehret (P)","01/22-05/15"),
("C S","151","M70","MA","3","C++ PROGRAMMING","TBA","-","MAONWB","WEB","Yuming Zhang (P)","01/22-05/15"),
("C S","153","M70","MA","3","PYTHON PROGRAMMING I","TBA","-","MAONWB","WEB","Esther Davis Steiner (P)","01/22-05/15"),
("C S","158","M70","MA","3","R PROGRAMMING I","TBA","-","MAONWB","WEB","Ruby Sharma (P)","01/22-05/15"),
("C S","171G","M70","MA","4","INTRO TO COMPUTER SCI","TBA","-","MAONWB","WEB","Khandker Mushfiqul Islam (P)","01/22-05/15"),
("C S","172","M01","MA","4","COMPUTER SCIENCE I","TR","0900-1015","GT","337","Inna V. Pivkina (P)","01/22-05/15"),
("C S","172L","M01","MA","0","COMPUTER SCIENCE I-LAB","M","1030-1220","SH","118","Inna V. Pivkina","01/22-05/15"),
("C S","172","M02","MA","4","COMPUTER SCIENCE I","TR","0900-1015","GT","337","Inna V. Pivkina (P)","01/22-05/15"),
("C S","172L","M02","MA","0","COMPUTER SCIENCE I-LAB","W","1030-1220","SH","118","Inna V. Pivkina","01/22-05/15"),
("C S","271","M01","MA","4","O O PROGRAMMING","TR","0900-1015","SH","107","Esther Davis Steiner (P)","01/22-05/15"),
("C S","271L","M01","MA","0","O O PROGRAMMING-LAB","T","1630-1820","SH","118B","Esther Davis Steiner","01/22-05/15"),
("C S","271","M02","MA","4","O O PROGRAMMING","TR","0900-1015","SH","107","Esther Davis Steiner (P)","01/22-05/15"),
("C S","271L","M02","MA","0","O O PROGRAMMING-LAB","R","1630-1820","SH","118B","Esther Davis Steiner","01/22-05/15"),
("C S","272","M01","MA","4","INTRDN-DATA STRCTRS","MW","1330-1445","SH","107","Huiping Cao (P)","01/22-05/15"),
("C S","272L","M01","MA","0","INTRDN-DATA STRCTRS-LAB","M","1630-1820","SH","118","Huiping Cao","01/22-05/15"),
("C S","272","M02","MA","4","INTRDN-DATA STRCTRS","MW","1330-1445","SH","107","Huiping Cao (P)","01/22-05/15"),
("C S","272L","M02","MA","0","INTRDN-DATA STRCTRS-LAB","W","1630-1820","SH","118","Huiping Cao","01/22-05/15"),
("C S","273","M01","MA","4","MACHINE PROG & ORG","TR","1030-1145","SH","115","Shaun H. Cooper (P)","01/22-05/15"),
("C S","273L","M01","MA","0","MACHINE PROG & ORG-LAB","T","1630-1820","SH","118","Shaun H. Cooper","01/22-05/15"),
("C S","273","M02","MA","4","MACHINE PROG & ORG","TR","1030-1145","SH","115","Shaun H. Cooper (P)","01/22-05/15"),
("C S","273L","M02","MA","0","MACHINE PROG & ORG-LAB","R","1630-1820","SH","118","Shaun H. Cooper","01/22-05/15"),
("C S","278","M01","MA","4","DISCRETE MATH FOR CS","TR","0730-0845","SH","107","Esther Davis Steiner (P)","01/22-05/15"),
("C S","278L","M01","MA","0","DISCRETE MATH FOR CS-LAB","M","1630-1820","SH","107","Esther Davis Steiner","01/22-05/15"),
("C S","278","M02","MA","4","DISCRETE MATH FOR CS","TR","0730-0845","SH","107","Esther Davis Steiner (P)","01/22-05/15"),
("C S","278L","M02","MA","0","DISCRETE MATH FOR CS-LAB","W","1630-1820","SH","107","Esther Davis Steiner","01/22-05/15"),
("C S","370","M01","MA","4","COMPILERS & AUTOMATA","MW","0900-1015","SH","115","Shaun H. Cooper (P)","01/22-05/15"),
("C S","370L","M01","MA","0","COMPILERS & AUTOMATA-LAB","F","1030-1220","SH","118B","Shaun H. Cooper","01/22-05/15"),
("C S","371","M01","MA","4","SOFTWARE DEVELOPMENT","MW","1030-1145","SH","115","Jonathan E. Cook (P)","01/22-05/15"),
("C S","371L","M01","MA","0","SOFTWARE DEVELOPMENT-LAB","F","1300-1450","SH","118","Jonathan E. Cook","01/22-05/15"),
("C S","371","M02","MA","4","SOFTWARE DEVELOPMENT","TBA","-","MANCR","NCR","Enrico Pontelli (P)","01/22-05/15"),
("C S","372","M01","MA","4","DATA STRCTRS & ALGRTHMS","TR","1200-1315","SH","106","Inna V. Pivkina (P)","01/22-05/15"),
("C S","372L","M01","MA","0","DATA STRCTRS & ALGRTHMS-LAB","W","1300-1450","SH","106","Inna V. Pivkina","01/22-05/15"),
("C S","372","M02","MA","4","DATA STRCTRS & ALGRTHMS","TBA","-","MANCR","NCR","Enrico Pontelli (P)","01/22-05/15"),
("C S","409","M01","MA","1-6","INDEPENDENT STUDY","TBA","-","MANCR","NCR","Zachary Oliver Toups (P)","01/22-05/15"),
("C S","409","M02","MA","1-6","INDEPENDENT STUDY","TBA","-","MANCR","NCR","Zachary Oliver Toups (P)","01/22-05/15"),
("C S","409","M03","MA","1-6","INDEPENDENT STUDY","TBA","-","MANCR","NCR","Son Cao Tran (P)","01/22-05/15"),
("C S","409","M04","MA","1-6","INDEPENDENT STUDY","TBA","-","MANCR","NCR","Roopa Vishwanathan (P)","01/22-05/15"),
("C S","409","M05","MA","1-6","INDEPENDENT STUDY","TBA","-","MANCR","NCR","Roopa Vishwanathan (P)","01/22-05/15"),
("C S","409","M06","MA","1-6","INDEPENDENT STUDY","TBA","-","MANCR","NCR","Enrico Pontelli (P)","01/22-05/15"),
("C S","409","M07","MA","1-6","INDEPENDENT STUDY","TBA","-","MANCR","NCR","William A Hamilton (P)","01/22-05/15"),
("C S","409","M08","MA","1-6","INDEPENDENT STUDY","WF","1600-1700","MANCR","NCR","Adan Delval (P)","01/22-05/15"),
("C S","409","M09","MA","1-6","INDEPENDENT STUDY","TBA","-","MANCR","NCR","Enrico Pontelli (P)","01/22-05/15"),
("C S","419","M01","MA","1","ETHICS AND COMPUTING","M","1630-1720","SH","107","Shaun H. Cooper (P)","01/22-05/15"),
("C S","448","M01","MA","4","SENIOR PROJECT","MW","1500-1615","SH","118B","Ivan Strnad (P)","01/22-05/15"),
("C S","448L","M01","MA","0","SENIOR PROJECT-LAB","F","1300-1550","SH","118B","TBA","01/22-05/15"),
("C S","449","M01","MA","4","SENIOR THESIS","TBA","-","MANCR","NCR","Huiping Cao (P)","01/22-05/15"),
("C S","449","M02","MA","4","SENIOR THESIS","TBA","-","MANCR","NCR","Zachary Oliver Toups (P)","01/22-05/15"),
("C S","449","M03","MA","4","SENIOR THESIS","TBA","-","MANCR","NCR","Satyajayant Misra (P)","01/22-05/15"),
("C S","449","M04","MA","4","SENIOR THESIS","TBA","-","MANCR","NCR","Satyajayant Misra (P)","01/22-05/15"),
("C S","449","M05","MA","4","SENIOR THESIS","TBA","-","MANCR","NCR","Son Cao Tran (P)","01/22-05/15"),
("C S","449","M06","MA","4","SENIOR THESIS","TBA","-","MANCR","NCR","Parth P Nagarkar (P)","01/22-05/15"),
("C S","449","M07","MA","4","SENIOR THESIS","TBA","-","MANCR","NCR","Inna V. Pivkina (P)","01/22-05/15"),
("C S","449","M08","MA","4","SENIOR THESIS","TBA","-","MANCR","NCR","Jonathan E. Cook (P)","01/22-05/15"),
("C S","449","M09","MA","4","SENIOR THESIS","TBA","-","MANCR","NCR","William A Hamilton (P)","01/22-05/15"),
("C S","449","M10","MA","4","SENIOR THESIS","TBA","-","MANCR","NCR","Enrico Pontelli (P)","01/22-05/15"),
("C S","451","M70","MA","3","C++ PROGRAMMING","TBA","-","MAONWB","WEB","Yuming Zhang (P)","01/22-05/15"),
("C S","453","M70","MA","3","PYTHON PROGRAMMING I","TBA","-","MAONWB","WEB","Esther Davis Steiner (P)","01/22-05/15"),
("C S","458","M70","MA","3","R PROGRAMMING I","TBA","-","MAONWB","WEB","Ruby Sharma (P)","01/22-05/15"),
("C S","460","M01","MA","3","CS I TRANSITION","TR","0900-1015","GT","337","Inna V. Pivkina (P)","01/22-05/15"),
("C S","462","M01","MA","3","O O PROGRAMMING TRANSITION","TR","0900-1015","SH","107","Esther Davis Steiner (P)","01/22-05/15"),
("C S","463","M01","MA","3","DATA STRUCTURES TRANSITION","MW","1330-1445","SH","107","Huiping Cao (P)","01/22-05/15"),
("C S","464","M01","MA","3","MACHINE ORG.TRANSITION","TR","1030-1145","SH","115","Shaun H. Cooper (P)","01/22-05/15"),
("C S","465","M01","MA","3","DISCRETE MATH TRANSITION","TR","0730-0845","SH","107","Esther Davis Steiner (P)","01/22-05/15"),
("C S","466","M01","MA","3","COMPILERS TRANSITION","MW","0900-1015","SH","115","Shaun H. Cooper (P)","01/22-05/15"),
("C S","468","M01","MA","3","SW DEVELOPMENT TRANSITION","MW","1030-1145","SH","115","Jonathan E. Cook (P)","01/22-05/15"),
("C S","469","M01","MA","3","ALGORITHMS TRANSITION","TR","1200-1315","SH","106","Inna V. Pivkina (P)","01/22-05/15"),
("C S","473","M01","MA","3","ARCHITECTURAL CNCPT 1","MW","1200-1315","JH","109","A. K. Petersen (P)","01/22-05/15"),
("C S","475","M01","MA","3","ARTIFICIAL INTLGNCE I","MW","1030-1145","SH","113","Son Cao Tran (P)","01/22-05/15"),
("C S","478","M01","MA","3","COMPUTER SECURITY","TR","1200-1315","SH","110","Roopa Vishwanathan (P)","01/22-05/15"),
("C S","479","M01","MA","3","SPECIAL TOPICS","TR","1500-1615","SH","113","Roopa Vishwanathan (P)","01/22-05/15"),
("C S","479","M02","MA","3","Special Topics: Blockchain","TR","1200-1315","SH","115","Satyajayant Misra (P)","01/22-05/15"),
("C S","479","M03","MA","3","Special Topics: Big Data","MW","1200-1315","SH","113","Tuan Le (P)","01/22-05/15"),
("C S","479","M04","MA","3","Special Topics: Virtual Reality","TR","0900-1015","SH","118B","Zachary Oliver Toups (P)","01/22-05/15"),
("C S","479","M05","MA","3","Special Topics: Web and Internet Programming","MW","1330-1445","SH","283","William A Hamilton (P)","01/22-05/15"),
("C S","479","M06","MA","3","Special Topics: Emerging Topics in Security","TR","1330-1445","SH","113","Tao Wang (P)","01/22-05/15"),
("C S","479","M07","MA","3","Special Topics: Entrepreneurship and Lean Startups","TBA","-","MANCR","NCR","Enrico Pontelli (P)","01/22-05/15"),
("C S","479","M08","MA","3","Special Topics: Product Management","TBA","-","MANCR","NCR","Enrico Pontelli (P)","01/22-05/15"),
("C S","479","M09","MA","3","Special Topics: Quantum Computing","MW","1330-1445","JH","215","Boris Kiefer","01/22-05/15"),
("C S","479L","M09","MA","0","Special Topics: Quantum Computing-LAB","MW","1330-1445","JH","215","John Harding","01/22-05/15"),
("C S","479L","M09","MA","0","Special Topics: Quantum Computing-LAB","MW","1330-1445","JH","215","Phillip L. DeLeon","01/22-05/15"),
("C S","479L","M09","MA","0","Special Topics: Quantum Computing-LAB","MW","1330-1445","JH","215","Satyajayant Misra (P)","01/22-05/15"),
("C S","479L","M09","MA","0","Special Topics: Quantum Computing-LAB","MW","1330-1445","JH","215","David G Mitchell","01/22-05/15"),
("C S","479L","M09","MA","0","Special Topics: Quantum Computing-LAB","MW","1330-1445","JH","215","Abdel-Hameed S Badawy","01/22-05/15"),
("C S","482","M01","MA","3","DATABASE MGT SYS I","TBA","-","MANCR","NCR","Enrico Pontelli (P)","01/22-05/15"),
("C S","482","M70","MA","3","DATABASE MGT SYS I","TBA","-","MAONWB","WEB","Parth P Nagarkar (P)","01/22-05/15"),
("C S","485","M01","MA","3","HUMAN-CENTERED COMPUTING","TBA","-","MANCR","NCR","Enrico Pontelli (P)","01/22-05/15"),
("C S","486","M01","MA","3","BIOINFORMATICS","TR","1630-1745","SH","113","Mingzhou Song (P)","01/22-05/15"),
("C S","487","M01","MA","3","APPLIED ML I","MW","0900-1015","SH","118B","Huiping Cao (P)","01/22-05/15"),
("C S","487","M02","MA","3","APPLIED ML I","TBA","-","MANCR","NCR","Enrico Pontelli (P)","01/22-05/15"),
("C S","487","M70","MA","3","APPLIED ML I","TBA","-","MAONWB","WEB","Huiping Cao (P)","01/22-05/15"),
("C S","502","M70","MA","3","DATABASE MGT SYS I","TBA","-","MAONWB","WEB","Parth P Nagarkar (P)","01/22-05/15"),
("C S","505","M01","MA","3","ARTIFICIAL INTEL I","MW","1030-1145","SH","113","Son Cao Tran (P)","01/22-05/15"),
("C S","513","M01","MA","3","COMPUTER SECURITY","TR","1200-1315","SH","110","Roopa Vishwanathan (P)","01/22-05/15"),
("C S","516","M01","MA","3","BIOINFORMATICS","TR","1630-1745","SH","113","Mingzhou Song (P)","01/22-05/15"),
("C S","519","M01","MA","3","APPLIED ML I","MW","0900-1015","SH","118B","Huiping Cao (P)","01/22-05/15"),
("C S","519","M70","MA","3","APPLIED ML I","TBA","-","MANCR","NCR","Huiping Cao (P)","01/22-05/15"),
("C S","570","M01","MA","3","ANALYSIS OF ALGORITHMS","TR","1330-1445","SH","115","Mingzhou Song (P)","01/22-05/15"),
("C S","579","M01","MA","3","Advanced Cryptography","TR","1500-1615","SH","113","Roopa Vishwanathan (P)","01/22-05/15"),
("C S","579","M02","MA","3","Special Topics: Blockchain","TR","1200-1315","SH","115","Satyajayant Misra (P)","01/22-05/15"),
("C S","579","M03","MA","3","Special Topics: Big Data","MW","1200-1315","SH","113","Tuan Le (P)","01/22-05/15"),
("C S","579","M04","MA","3","Special Topics: Virtual Reality","TR","0900-1015","SH","118B","Zachary Oliver Toups (P)","01/22-05/15"),
("C S","579","M05","MA","3","Special Topics: Web and Internet Programming","MW","1330-1445","SH","283","William A Hamilton (P)","01/22-05/15"),
("C S","579","M06","MA","3","Special Topics: Emerging Topics in Security","TR","1330-1445","SH","113","Tao Wang (P)","01/22-05/15"),
("C S","579","M07","MA","3","Special Topics: Quantum Computing","MW","1330-1445","JH","215","Boris Kiefer","01/22-05/15"),
("C S","579L","M07","MA","0","Special Topics: Quantum Computing-LAB","MW","1330-1445","JH","215","John Harding","01/22-05/15"),
("C S","579L","M07","MA","0","Special Topics: Quantum Computing-LAB","MW","1330-1445","JH","215","Abdel-Hameed S Badawy","01/22-05/15"),
("C S","579L","M07","MA","0","Special Topics: Quantum Computing-LAB","MW","1330-1445","JH","215","David G Mitchell","01/22-05/15"),
("C S","579L","M07","MA","0","Special Topics: Quantum Computing-LAB","MW","1330-1445","JH","215","Satyajayant Misra (P)","01/22-05/15"),
("C S","579L","M07","MA","0","Special Topics: Quantum Computing-LAB","MW","1330-1445","JH","215","Phillip L. DeLeon","01/22-05/15"),
("C S","581","M01","MA","3","ADV SOFTWARE ENGR","TR","1200-1315","SH","118B","Jonathan E. Cook (P)","01/22-05/15"),
("C S","582","M01","MA","3","DATABASE MGT SYST II","TR","1500-1615","SH","115","Parth P Nagarkar (P)","01/22-05/15"),
("C S","584","M01","MA","3","COMPUTER NETWORKS II","TR","1500-1615","SH","118B","Satyajayant Misra (P)","01/22-05/15"),
("C S","589","M01","MA","1-6","SPCL RES PROBLEMS","TBA","-","MANCR","NCR","Huiping Cao (P)","01/22-05/15"),
("C S","589","M02","MA","1-6","SPCL RES PROBLEMS","TBA","-","MANCR","NCR","Jonathan E. Cook (P)","01/22-05/15"),
("C S","589","M03","MA","3","SPCL RES PROBLEMS","TBA","-","MANCR","NCR","Shaun H. Cooper (P)","01/22-05/15"),
("C S","589","M04","MA","1-6","Special Research Problems: Independent Research Study","TBA","-","MANCR","NCR","Tuan Le (P)","01/22-05/15"),
("C S","589","M05","MA","1-6","SPCL RES PROBLEMS","TBA","-","MANCR","NCR","Satyajayant Misra (P)","01/22-05/15"),
("C S","589","M06","MA","1-6","SPCL RES PROBLEMS","TBA","-","MANCR","NCR","Inna V. Pivkina (P)","01/22-05/15"),
("C S","589","M07","MA","1-6","SPCL RES PROBLEMS","TBA","-","MANCR","NCR","Enrico Pontelli (P)","01/22-05/15"),
("C S","589","M08","MA","1-6","SPCL RES PROBLEMS","TBA","-","MANCR","NCR","Mingzhou Song (P)","01/22-05/15"),
("C S","589","M09","MA","1-6","SPCL RES PROBLEMS","TBA","-","MANCR","NCR","Son Cao Tran (P)","01/22-05/15"),
("C S","589","M10","MA","1-6","SPCL RES PROBLEMS","TBA","-","MANCR","NCR","Parth P Nagarkar (P)","01/22-05/15"),
("C S","589","M11","MA","1-6","SPCL RES PROBLEMS","TBA","-","MANCR","NCR","Roopa Vishwanathan (P)","01/22-05/15"),
("C S","589","M12","MA","1-6","SPCL RES PROBLEMS","TBA","-","MANCR","NCR","Zachary Oliver Toups (P)","01/22-05/15"),
("C S","589","M13","MA","1-6","SPCL RES PROBLEMS","TBA","-","MANCR","NCR","William A Hamilton (P)","01/22-05/15"),
("C S","589","M14","MA","3","SPCL RES PROBLEMS","TBA","-","MANCR","NCR","Satyajayant Misra (P)","03/30-05/15"),
("C S","598","M01","MA","1-6","MASTER'S PROJECT","TBA","-","MANCR","NCR","Huiping Cao (P)","01/22-05/15"),
("C S","598","M02","MA","1-6","MASTER'S PROJECT","TBA","-","MANCR","NCR","Jonathan E. Cook (P)","01/22-05/15"),
("C S","598","M03","MA","1-6","MASTER'S PROJECT","TBA","-","MANCR","NCR","Parth P Nagarkar (P)","01/22-05/15"),
("C S","598","M05","MA","1-6","MASTER'S PROJECT","TBA","-","MANCR","NCR","Satyajayant Misra (P)","01/22-05/15"),
("C S","598","M06","MA","1-6","MASTER'S PROJECT","TBA","-","MANCR","NCR","Inna V. Pivkina (P)","01/22-05/15"),
("C S","598","M07","MA","1-6","MASTER'S PROJECT","TBA","-","MANCR","NCR","Enrico Pontelli (P)","01/22-05/15"),
("C S","598","M08","MA","1-6","MASTER'S PROJECT","TBA","-","MANCR","NCR","Mingzhou Song (P)","01/22-05/15"),
("C S","598","M09","MA","1-6","MASTER'S PROJECT","TBA","-","MANCR","NCR","Son Cao Tran (P)","01/22-05/15"),
("C S","598","M12","MA","1-6","MASTER'S PROJECT","TBA","-","MANCR","NCR","Zachary Oliver Toups (P)","01/22-05/15"),
("C S","598","M30","MA","1-6","MASTER'S PROJECT","TBA","-","MANCR","NCR","Parth P Nagarkar (P)","01/22-05/15"),
("C S","599","M01","MA","1-6","MASTER'S THESIS","TBA","-","MANCR","NCR","Huiping Cao (P)","01/22-05/15"),
("C S","599","M02","MA","1-6","MASTER'S THESIS","TBA","-","MANCR","NCR","Jonathan E. Cook (P)","01/22-05/15"),
("C S","599","M03","MA","1-6","MASTER'S THESIS","TBA","-","MANCR","NCR","Parth P Nagarkar (P)","01/22-05/15"),
("C S","599","M05","MA","1-6","MASTER'S THESIS","TBA","-","MANCR","NCR","Satyajayant Misra (P)","01/22-05/15"),
("C S","599","M06","MA","1-6","MASTER'S THESIS","TBA","-","MANCR","NCR","Inna V. Pivkina (P)","01/22-05/15"),
("C S","599","M07","MA","1-6","MASTER'S THESIS","TBA","-","MANCR","NCR","Enrico Pontelli (P)","01/22-05/15"),
("C S","599","M08","MA","1-6","MASTER'S THESIS","TBA","-","MANCR","NCR","Mingzhou Song (P)","01/22-05/15"),
("C S","599","M09","MA","1-6","MASTER'S THESIS","TBA","-","MANCR","NCR","Son Cao Tran (P)","01/22-05/15"),
("C S","599","M10","MA","1-6","MASTER'S THESIS","TBA","-","MANCR","NCR","Roopa Vishwanathan (P)","01/22-05/15"),
("C S","599","M12","MA","1-6","MASTER'S THESIS","TBA","-","MANCR","NCR","Zachary Oliver Toups (P)","01/22-05/15"),
("C S","600","M01","MA","1-15","PREDISSERTATION RSCH","TBA","-","MANCR","NCR","Huiping Cao (P)","01/22-05/15"),
("C S","600","M02","MA","1-15","PREDISSERTATION RSCH","TBA","-","MANCR","NCR","Jonathan E. Cook (P)","01/22-05/15"),
("C S","600","M03","MA","1-15","PREDISSERTATION RSCH","TBA","-","MANCR","NCR","William A Hamilton (P)","01/22-05/15"),
("C S","600","M04","MA","1-15","PREDISSERTATION RSCH","TBA","-","MANCR","NCR","Parth P Nagarkar (P)","01/22-05/15"),
("C S","600","M05","MA","1-15","PREDISSERTATION RSCH","TBA","-","MANCR","NCR","Satyajayant Misra (P)","01/22-05/15"),
("C S","600","M06","MA","1-15","PREDISSERTATION RSCH","TBA","-","MANCR","NCR","Inna V. Pivkina (P)","01/22-05/15"),
("C S","600","M07","MA","1-15","PREDISSERTATION RSCH","TBA","-","MANCR","NCR","Enrico Pontelli (P)","01/22-05/15"),
("C S","600","M08","MA","1-15","PREDISSERTATION RSCH","TBA","-","MANCR","NCR","Mingzhou Song (P)","01/22-05/15"),
("C S","600","M09","MA","1-15","PREDISSERTATION RSCH","TBA","-","MANCR","NCR","Son Cao Tran (P)","01/22-05/15"),
("C S","600","M10","MA","1-15","PREDISSERTATION RSCH","TBA","-","MANCR","NCR","Tuan Le (P)","01/22-05/15"),
("C S","600","M11","MA","1-15","PREDISSERTATION RSCH","TBA","-","MANCR","NCR","Roopa Vishwanathan (P)","01/22-05/15"),
("C S","600","M12","MA","1-15","PREDISSERTATION RSCH","TBA","-","MANCR","NCR","Zachary Oliver Toups (P)","01/22-05/15"),
("C S","700","M01","MA","1-15","DOCTORAL DISSERTATION","TBA","-","MANCR","NCR","Huiping Cao (P)","01/22-05/15"),
("C S","700","M02","MA","1-15","DOCTORAL DISSERTATION","TBA","-","MANCR","NCR","Jonathan E. Cook (P)","01/22-05/15"),
("C S","700","M03","MA","1-15","DOCTORAL DISSERTATION","TBA","-","MANCR","NCR","William A Hamilton (P)","01/22-05/15"),
("C S","700","M05","MA","1-15","DOCTORAL DISSERTATION","TBA","-","MANCR","NCR","Satyajayant Misra (P)","01/22-05/15"),
("C S","700","M06","MA","1-15","DOCTORAL DISSERTATION","TBA","-","MANCR","NCR","Inna V. Pivkina (P)","01/22-05/15"),
("C S","700","M07","MA","1-15","DOCTORAL DISSERTATION","TBA","-","MANCR","NCR","Enrico Pontelli (P)","01/22-05/15"),
("C S","700","M08","MA","1-15","DOCTORAL DISSERTATION","TBA","-","MANCR","NCR","Mingzhou Song (P)","01/22-05/15"),
("C S","700","M09","MA","1-15","DOCTORAL DISSERTATION","TBA","-","MANCR","NCR","Son Cao Tran (P)","01/22-05/15"),
("C S","700","M12","MA","1-15","DOCTORAL DISSERTATION","TBA","-","MANCR","NCR","Zachary Oliver Toups (P)","01/22-05/15");
INSERT INTo Professors (prof_name, email, phone, office) VALUES
("Son Tran", "tson at cs dot nmsu dot edu", "(575) 646-1930", "SH 123"),
("Enrico Pontelli", "not listed", "(575) 646-6239", "SH 163"),
("Huiping Cao", "hcao at cs dot nmsu dot edu", "(575) 646-4600", "SH 171"),
("Jonathan Cook", "joncook at nmsu dot edu", "(575) 646-6243", "SH 165"),
("Bill Hamilton", "not listed", "(575) 646-3234", "SH 150"),
("Tuan Le", "tuanle at nmsu dot edu", "(575) 646-3234", "SH 149"),
("Satyajayant Misra", "misra at cs dot nmsu dot edu", "(575) 646-6256", "SH 148"),
("Parth Nagarkar", "nagarkar at nmsu dot edu", "(575) 646-5666", "SH 173"),
("Inna Pivkina", "ipivkina at cs dot nmsu dot edu", "(575) 646-6237", "SH 172"),
("Joe Song", "joemsong at cs dot nmsu dot edu", "(575) 646-4299", "SH 141"),
("Z O. Toups", "not listed", "(575) 646-1605", "SH 136"),
("Roopa Vishwanathan", "roopav at nmsu dot edu", "(575) 646-1218", "SH 142"),
("Tao Wang", "not listed", "not listed", "not listed"),
("Shah Muhammad Hamdi", "not listed", "not listed", "not listed"),
("Esther Steiner", "not listed", "(575) 646-2096", "SH 157"),
("Shaun H. Cooper", "scooper at cs dot nmsu dot edu", "(575) 646-1609", "SH 144"),
("Roger Hartley", "rth at cs dot nmsu dot edu", "not listed", "not listed"),
("Hing Leung", "hleung at cs dot nmsu dot edu", "not listed", "not listed"),
("Hue McCoy", "hue at cs dot nmsu dot edu", "not listed", "not listed"),
("Joseph Pfeiffer", "pfeiffer at cs dot nmsu dot edu", "not listed", "not listed");
insert into TrainingQuestions (question, cat, slot, label) values
("When is faculty report?","important_date","faculty report","FACULTY_REPORT"),
("When do I need to turn in the faculty report?","important_date","faculty report","FACULTY_REPORT"),
("When is the faculty report due?","important_date","faculty report","FACULTY_REPORT"),
("When do residence halls open up?","important_date","residence halls","OPEN_RESIDENCE_HALLS"),
("When can I move in?","important_date","move in","OPEN_RESIDENCE_HALLS"),
("When do the dorms open up?","important_date","dorms open","OPEN_RESIDENCE_HALLS"),
("Are the dorms open yet?","important_date","dorms open","OPEN_RESIDENCE_HALLS"),
("Am I allowed to move in yet?","important_date","move in","OPEN_RESIDENCE_HALLS"),
("Is housing open?","important_date","housing","OPEN_RESIDENCE_HALLS"),
("Can I move into housing yet?","important_date","housing","OPEN_RESIDENCE_HALLS"),
("When can I move into my room?","important_date","room","OPEN_RESIDENCE_HALLS"),
("When is the move-in date for my room?","important_date","room","OPEN_RESIDENCE_HALLS"),
("When is New Year's Day?","important_date","New Year's Day","HOLIDAY"),
("When is New Years?","important_date","New Years","HOLIDAY"),
("Are you open for New Years Day?","important_date","New Years Day","HOLIDAY"),
("Are you open for New Years?","important_date","New Years","HOLIDAY"),
("Is the university closed for New Years Day?","important_date","New Year's Day","HOLIDAY"),
("Is the university closed for New Years?","important_date","New Years","HOLIDAY"),
("When is Martin Luther King day?","important_date","Martin Luther King","HOLIDAY"),
("When is MLK day?","important_date","MLK","HOLIDAY"),
("When is Martin Luther King Junior day?","important_date","Martin Luther King Junior","HOLIDAY"),
("Are you open for Martin Luther King's day?","important_date","Martin Luther King","HOLIDAY"),
("Are you open for MLK?","important_date","MLK","HOLIDAY"),
("Is the university closed for MLK day?","important_date","MLK","HOLIDAY"),
("Is the university closed for MLK junior day?","important_date","MLK","HOLIDAY"),
("When is Presidents Day?","important_date","Presidents Day","HOLIDAY"),
("Are you open for Presidents Day?","important_date","Presidents Day","HOLIDAY"),
("Is the university closed for Presidents Day?","important_date","Presidents Day","HOLIDAY"),
("When is Memorial Day?","important_date","Memorial Day","HOLIDAY"),
("Are you open for Memorial Day?","important_date","Memorial Day","HOLIDAY"),
("Is the university closed for Memorial Day?","important_date","Memorial Day","HOLIDAY"),
("When is Independence Day?","important_date","Independence Day","HOLIDAY"),
("When is Fourth of July","important_date","Fourth of July","HOLIDAY"),
("When is the 4th of July?","important_date","4th of July","HOLIDAY"),
("Are you open for Independence Day?","important_date","Independence Day","HOLIDAY"),
("Are you open for Fourth of July?","important_date","Fourth of July","HOLIDAY"),
("Are you open for the 4th of July?","important_date","4th of July","HOLIDAY"),
("Is the university closed for Independence Day?","important_date","Independence Day","HOLIDAY"),
("Is the university closed for Fourth of July?","important_date","Fourth of July","HOLIDAY"),
("Is the university closed for the 4th of July?","important_date","4th of July","HOLIDAY"),
("When is Labor Day?","important_date","Labor Day","HOLIDAY"),
("Are you open for Labor Day?","important_date","Labor Day","HOLIDAY"),
("Is the university closed for Labor Day?","important_date","Labor Day","HOLIDAY"),
("When is Columbus Day?","important_date","Columbus Day","HOLIDAY"),
("Are you open for Columbus Day?","important_date","Columbus Day","HOLIDAY"),
("Is the university closed for Columbus Day?","important_date","Columbus Day","HOLIDAY"),
("When is Veterans Day?","important_date","Veterans Day","HOLIDAY"),
("Are you open for Veterans Day?","important_date","Veterans Day","HOLIDAY"),
("Is the university closed for Veterans Day?","important_date","Veterans Day","HOLIDAY"),
("When is Thanksgiving Day?","important_date","Thanksgiving Day","HOLIDAY"),
("Are you open for Thanksgiving Day?","important_date","Thanksgiving Day","HOLIDAY"),
("Is the university closed for Thanksgiving Day?","important_date","Thanksgiving Day","HOLIDAY"),
("When is Christmas Day?","important_date","Christmas Day","HOLIDAY"),
("Are you open for Christmas Day?","important_date","Christmas Day","HOLIDAY"),
("Is the university closed for Christmas Day?","important_date","Christmas Day","HOLIDAY"),
("When does instruction begin?","important_date","instruction begin","SEMESTER_START"),
("Has instruction began?","important_date","instruction began","SEMESTER_START"),
("When does school start?","important_date","school start","SEMESTER_START"),
("Has school started yet?","important_date","school start","SEMESTER_START"),
("When do classes begin?","important_date","classes begin","SEMESTER_START"),
("Have classes started yet?","important_date","school start","SEMESTER_START"),
("When do classes start?","important_date","classes start","SEMESTER_START"),
("When does the semester start?","important_date","semester start","SEMESTER_START"),
("What day does the semester start?","important_date","semester start","SEMESTER_START"),
("I want to know when the semester starts.","important_date","semester start","SEMESTER_START"),
("I was wondering when the beginning of the semester is.","important_date","beginning of the semester","SEMESTER_START"),
("Which day does the semester start?","important_date","semester start","SEMESTER_START"),
("What date does the semester start on?","important_date","semester start","SEMESTER_START"),
("What day does school start?","important_date","school start","SEMESTER_START"),
("What is the first day of class?","important_date","first day of class","SEMESTER_START"),
("What day do classes start?","important_date","classes start","SEMESTER_START"),
("When is the start of the semester?","important_date","start of the semester","SEMESTER_START"),
("What day is the start of the semester?","important_date","start of the semester","SEMESTER_START"),
("Which day is the start of the semester?","important_date","start of the semester","SEMESTER_START"),
("What day do classes end?","important_date","classes end","SEMESTER_END"),
("When do classes end?","important_date","classes end","SEMESTER_END"), 
("When does the semester end?","important_date","semester end","SEMESTER_END"),
("I want to know when the semester ends","important_date","semester ends","SEMESTER_END"),
("When is the last day of classes?","important_date","last day of classes","SEMESTER_END"),
("What day does the semester end on?","important_date","semester end","SEMESTER_END"),
("When is the end of the semester?","important_date","end of the semester","SEMESTER_END"),
("What day does the semester end?","important_date","semester end","SEMESTER_END"),
("What day is the end of the semester?","important_date","end of the semester","SEMESTER_END"),
("Which day does the semester end?","important_date","semester end","SEMESTER_END"),
("Which day is the end of the semester?","important_date","end of the semester","SEMESTER_END"),
("When is spring break?","important_date","break","BREAK"),
("When is Thanksgiving break?","important_date","break","BREAK"),
("When is Fall break?","important_date","Fall break","BREAK"),
("When is the next break?","important_date","break","BREAK"),
("When is the break?","important_date","break","BREAK"),
("When is finals week?","important_date","finals","FINALS"),
("When are finals?","important_date","finals","FINALS"),
("What day do finals start?","important_date","finals","FINALS"),
("When is the first day of finals week?","important_date","finals","FINALS"),
("When do finals start?","important_date","finals","FINALS"),
("When does registration open?","important_date","registration","REGISTRATION"),
("When can I register for classes?", "important_date","register","REGISTRATION"),
("When is the last day to register for a class?","important_date","register","REGISTRATION"),
("When can I begin to register for classes?","important_date","register","REGISTRATION"),
("When does registration start?","important_date","registration","REGISTRATION"),
("When is the last day to add a class?","important_date","add a class","ADD_DATE"),
("Can I still add a class?", "important_date","add a class","ADD_DATE"),
("Is it too late to add a course for this semester?","important_date","add a course","ADD_DATE"),
("I was wondering if I could still add a class?","important_date","add a class","ADD_DATE"),
("Are we past the add date?","important_date","add date","ADD_DATE"),
("When is the final add date?","important_date","add date","ADD_DATE"),
("When is the last day to withdraw from a class?","important_date","withdraw from a class","WITHDRAW_DATE"),
("Can I still withdraw from a course?","important_date","withdraw from a course","WITHDRAW_DATE"),
("Is it too late to withdraw from a course for this semester?","important_date","withdraw from a course","WITHDRAW_DATE"),
("I was wondering if I could still withdraw from a class?","important_date","withdraw from a class","WITHDRAW_DATE"),
("Are we past the withdraw date?","important_date","withdraw date","WITHDRAW_DATE"),
("When is the last day to withdraw?","important_date","day to withdraw","WITHDRAW_DATE"),
("When is the last day to drop a class?","important_date","drop a class","DROP_DATE"),
("Can I still drop a course?","important_date","drop a course","DROP_DATE"),
("Is it too late to drop a course for this semester?","important_date","drop a course","DROP_DATE"),
("I was wondering if I could still drop a class?","important_date","drop a class","DROP_DATE"),
("Are we past the drop date?","important_date","drop date","DROP_DATE"),
("When is the last day to drop?","important_date","day to drop","DROP_DATE"),
("When is graduation?","important_date","graduation?","GRADUATION"),
("What day is graduation?","important_date","graduation","GRADUATION"),
("When does graduation start?","important_date","graduation","GRADUATION"),
("What time is graduation?","important_date","graduation","GRADUATION"),
("Where is the bathroom?","location","bathroom","BATHROOM"),
("When are Son Tran office hours?","professor","ofice hours","OFFICE_HOURS"),
("Does Son Tran have any available office hours this week?","professor","ofice hours","OFFICE_HOURS"),
("What are Son Tran office hours","professor","ofice hours","OFFICE_HOURS"),
("Is Son Tran available to meet?", "professor","available","OFFICE_HOURS"),
("What time is Son Tran office hours","professor","ofice hours","OFFICE_HOURS"),
("can Son Tran meet with me today?","professor","meet","OFFICE_HOURS"),
("What room is Son Tran in?","professor","what room","OFFICE_LOCATION"),
("Where is Son Tran office?", "professor","office","OFFICE_LOCATION"),
("Does Son Tran have an office in this building","professor","office","OFFICE_LOCATION"),
("Where can I find Son Tran?","professor","Where","OFFICE_LOCATION"),
("Do you know where Son Tran office is?","professor","office","OFFICE_LOCATION"),
("What is Son Tran room number","professor","room number","OFFICE_LOCATION"),
("How can I reach Son Tran","professor","reach","CONTACT_INFO"),
("Can I get the email address for Son Tran?","professor","email","CONTACT_INFO"),
("What is Son Tran phone number","professor","phone number","CONTACT_INFO"),
("How can a get a hold of Son Tran?","professor","hold of","CONTACT_INFO"),
("Can I have Son Tran contact info","professor","contact info","CONTACT_INFO"),
("I need to call Son Tran","professor","call","CONTACT_INFO"),
("When are Enrico Pontelli office hours?","professor","ofice hours","OFFICE_HOURS"),
("Does Enrico Pontelli have any available office hours this week?","professor","ofice hours","OFFICE_HOURS"),
("What are Enrico Pontelli office hours","professor","ofice hours","OFFICE_HOURS"),
("Is Enrico Pontelli available to meet","professor","available","OFFICE_HOURS"),
("What time is Enrico Pontelli office hours","professor","ofice hours","OFFICE_HOURS"),
("can Enrico Pontelli meet with me today","professor","meet","OFFICE_HOURS"),
("What room is Enrico Pontelli in?","professor","what room","OFFICE_LOCATION"),
("Where is Enrico Pontelli office?","professor","office","OFFICE_LOCATION"),
("Does Enrico Pontelli have an office in this building","professor","office","OFFICE_LOCATION"),
("Where can I find Enrico Pontelli?","professor","Where","OFFICE_LOCATION"),
("Do you know where Enrico Pontelli office is?","professor","office","OFFICE_LOCATION"),
("What is Enrico Pontelli room number","professor","room number","OFFICE_LOCATION"),
("How can I reach Enrico Pontelli","professor","reach","CONTACT_INFO"),
("Can I get the email address for Enrico Pontelli?","professor","email","CONTACT_INFO"),
("What is Enrico Pontelli phone number","professor","phone number","CONTACT_INFO"),
("How can a get a hold of Enrico Pontelli?","professor","hold of","CONTACT_INFO"),
("Can I have Enrico Pontelli contact info","professor","contact info","CONTACT_INFO"),
("I need to call Enrico Pontelli","professor","call","CONTACT_INFO"),
("When are Huiping Cao office hours?","professor","ofice hours","OFFICE_HOURS"),
("Does Huiping Cao have any available office hours this week?","professor","ofice hours","OFFICE_HOURS"),
("What are Huiping Cao office hours","professor","ofice hours","OFFICE_HOURS"),
("Is Huiping Cao available to meet","professor","available","OFFICE_HOURS"),
("What time is Huiping Cao office hours","professor","ofice hours","OFFICE_HOURS"),
("can Huiping Cao meet with me today","professor","meet","OFFICE_HOURS"),
("What room is Huiping Cao in?","professor","what room","OFFICE_LOCATION"),
("Where is Huiping Cao office?","professor","office","OFFICE_LOCATION"),
("Does Huiping Cao have an office in this building","professor","office","OFFICE_LOCATION"),
("Where can I find Huiping Cao?","professor","Where","OFFICE_LOCATION"),
("Do you know where Huiping Cao office is?","professor","office","OFFICE_LOCATION"),
("What is Huiping Cao room number","professor","room number","OFFICE_LOCATION"),
("How can I reach Huiping Cao","professor","reach","CONTACT_INFO"),
("Can I get the email address for Huiping Cao?","professor","email","CONTACT_INFO"),
("What is Huiping Cao phone number","professor","phone number","CONTACT_INFO"),
("How can a get a hold of Huiping Cao?","professor","hold of","CONTACT_INFO"),
("Can I have Huiping Cao contact info","professor","contact info","CONTACT_INFO"),
("I need to call Huiping Cao","professor","call","CONTACT_INFO"),
("When are Jonathan Cook office hours?","professor","ofice hours","OFFICE_HOURS"),
("Does Jonathan Cook have any available office hours this week?","professor","ofice hours","OFFICE_HOURS"),
("What are Jonathan Cook office hours","professor","ofice hours","OFFICE_HOURS"),
("Is Jonathan Cook available to meet","professor","available","OFFICE_HOURS"),
("What time is Jonathan Cook office hours","professor","ofice hours","OFFICE_HOURS"),
("can Jonathan Cook meet with me today","professor","meet","OFFICE_HOURS"),
("What room is Jonathan Cook in?","professor","what room","OFFICE_LOCATION"),
("Where is Jonathan Cook office?","professor","office","OFFICE_LOCATION"),
("Does Jonathan Cook have an office in this building","professor","office","OFFICE_LOCATION"),
("Where can I find Jonathan Cook?","professor","Where","OFFICE_LOCATION"),
("Do you know where Jonathan Cook office is?","professor","office","OFFICE_LOCATION"),
("What is Jonathan Cook room number","professor","room number","OFFICE_LOCATION"),
("How can I reach Jonathan Cook","professor","reach","CONTACT_INFO"),
("Can I get the email address for Jonathan Cook?","professor","email","CONTACT_INFO"),
("What is Jonathan Cook phone number","professor","phone number","CONTACT_INFO"),
("How can a get a hold of Jonathan Cook?","professor","hold of","CONTACT_INFO"),
("Can I have Jonathan Cook contact info","professor","contact info","CONTACT_INFO"),
("I need to call Jonathan Cook","professor","call","CONTACT_INFO"),
("When are Bill Hamilton office hours?","professor","ofice hours","OFFICE_HOURS"),
("Does Bill Hamilton have any available office hours this week?","professor","ofice hours","OFFICE_HOURS"),
("What are Bill Hamilton office hours","professor","ofice hours","OFFICE_HOURS"),
("Is Bill Hamilton available to meet","professor","available","OFFICE_HOURS"),
("What time is Bill Hamilton office hours","professor","ofice hours","OFFICE_HOURS"),
("can Bill Hamilton meet with me today","professor","meet","OFFICE_HOURS"),
("What room is Bill Hamilton in?","professor","what room","OFFICE_LOCATION"),
("Where is Bill Hamilton office?","professor","office","OFFICE_LOCATION"),
("Does Bill Hamilton have an office in this building","professor","office","OFFICE_LOCATION"),
("Where can I find Bill Hamilton?","professor","Where","OFFICE_LOCATION"),
("Do you know where Bill Hamilton office is?","professor","office","OFFICE_LOCATION"),
("What is Bill Hamilton room number","professor","room number","OFFICE_LOCATION"),
("How can I reach Bill Hamilton","professor","reach","CONTACT_INFO"),
("Can I get the email address for Bill Hamilton?","professor","email","CONTACT_INFO"),
("What is Bill Hamilton phone number","professor","phone number","CONTACT_INFO"),
("How can a get a hold of Bill Hamilton?","professor","hold of","CONTACT_INFO"),
("Can I have Bill Hamilton contact info","professor","contact info","CONTACT_INFO"),
("I need to call Bill Hamilton","professor","call","CONTACT_INFO"),
("When are Tuan Le office hours?","professor","ofice hours","OFFICE_HOURS"),
("Does Tuan Le have any available office hours this week?","professor","ofice hours","OFFICE_HOURS"),
("What are Tuan Le office hours","professor","ofice hours","OFFICE_HOURS"),
("Is Tuan Le available to meet","professor","available","OFFICE_HOURS"),
("What time is Tuan Le office hours","professor","ofice hours","OFFICE_HOURS"),
("can Tuan Le meet with me today","professor","meet","OFFICE_HOURS"),
("What room is Tuan Le in?","professor","what room","OFFICE_LOCATION"),
("Where is Tuan Le office?","professor","office","OFFICE_LOCATION"),
("Does Tuan Le have an office in this building","professor","office","OFFICE_LOCATION"),
("Where can I find Tuan Le?","professor","Where","OFFICE_LOCATION"),
("Do you know where Tuan Le office is?","professor","office","OFFICE_LOCATION"),
("What is Tuan Le room number","professor","room number","OFFICE_LOCATION"),
("How can I reach Tuan Le","professor","reach","CONTACT_INFO"),
("Can I get the email address for Tuan Le?","professor","email","CONTACT_INFO"),
("What is Tuan Le phone number","professor","phone number","CONTACT_INFO"),
("How can a get a hold of Tuan Le?","professor","hold of","CONTACT_INFO"),
("Can I have Tuan Le contact info","professor","contact info","CONTACT_INFO"),
("I need to call Tuan Le","professor","call","CONTACT_INFO"),
("When are Satyajayant Misra office hours?","professor","ofice hours","OFFICE_HOURS"),
("Does Satyajayant Misra have any available office hours this week?","professor","ofice hours","OFFICE_HOURS"),
("What are Satyajayant Misra office hours","professor","ofice hours","OFFICE_HOURS"),
("Is Satyajayant Misra available to meet","professor","available","OFFICE_HOURS"),
("What time is Satyajayant Misra office hours","professor","ofice hours","OFFICE_HOURS"),
("can Satyajayant Misra meet with me today","professor","meet","OFFICE_HOURS"),
("What room is Satyajayant Misra in?","professor","what room","OFFICE_LOCATION"),
("Where is Satyajayant Misra office?","professor","office","OFFICE_LOCATION"),
("Does Satyajayant Misra have an office in this building","professor","office","OFFICE_LOCATION"),
("Where can I find Satyajayant Misra?","professor","Where","OFFICE_LOCATION"),
("Do you know where Satyajayant Misra office is?","professor","office","OFFICE_LOCATION"),
("What is Satyajayant Misra room number","professor","room number","OFFICE_LOCATION"),
("How can I reach Satyajayant Misra","professor","reach","CONTACT_INFO"),
("Can I get the email address for Satyajayant Misra?","professor","email","CONTACT_INFO"),
("What is Satyajayant Misra phone number","professor","phone number","CONTACT_INFO"),
("How can a get a hold of Satyajayant Misra?","professor","hold of","CONTACT_INFO"),
("Can I have Satyajayant Misra contact info","professor","contact info","CONTACT_INFO"),
("I need to call Satyajayant Misra","professor","call","CONTACT_INFO"),
("When are Parth Nagarkar office hours?","professor","ofice hours","OFFICE_HOURS"),
("Does Parth Nagarkar have any available office hours this week?","professor","ofice hours","OFFICE_HOURS"),
("What are Parth Nagarkar office hours","professor","ofice hours","OFFICE_HOURS"),
("Is Parth Nagarkar available to meet","professor","available","OFFICE_HOURS"),
("What time is Parth Nagarkar office hours","professor","ofice hours","OFFICE_HOURS"),
("can Parth Nagarkar meet with me today","professor","meet","OFFICE_HOURS"),
("What room is Parth Nagarkar in?","professor","what room","OFFICE_LOCATION"),
("Where is Parth Nagarkar office?","professor","office","OFFICE_LOCATION"),
("Does Parth Nagarkar have an office in this building","professor","office","OFFICE_LOCATION"),
("Where can I find Parth Nagarkar?","professor","Where","OFFICE_LOCATION"),
("Do you know where Parth Nagarkar office is?","professor","office","OFFICE_LOCATION"),
("What is Parth Nagarkar room number","professor","room number","OFFICE_LOCATION"),
("How can I reach Parth Nagarkar","professor","reach","CONTACT_INFO"),
("Can I get the email address for Parth Nagarkar?","professor","email","CONTACT_INFO"),
("What is Parth Nagarkar phone number","professor","phone number","CONTACT_INFO"),
("How can a get a hold of Parth Nagarkar?","professor","hold of","CONTACT_INFO"),
("Can I have Parth Nagarkar contact info","professor","contact info","CONTACT_INFO"),
("I need to call Parth Nagarkar","professor","call","CONTACT_INFO"),
("When are Inna Pivkina office hours?","professor","ofice hours","OFFICE_HOURS"),
("Does Inna Pivkina have any available office hours this week?","professor","ofice hours","OFFICE_HOURS"),
("What are Inna Pivkina office hours","professor","ofice hours","OFFICE_HOURS"),
("Is Inna Pivkina available to meet","professor","available","OFFICE_HOURS"),
("What time is Inna Pivkina office hours","professor","ofice hours","OFFICE_HOURS"),
("can Inna Pivkina meet with me today","professor","meet","OFFICE_HOURS"),
("What room is Inna Pivkina in?","professor","what room","OFFICE_LOCATION"),
("Where is Inna Pivkina office?","professor","office","OFFICE_LOCATION"),
("Does Inna Pivkina have an office in this building","professor","office","OFFICE_LOCATION"),
("Where can I find Inna Pivkina?","professor","Where","OFFICE_LOCATION"),
("Do you know where Inna Pivkina office is?","professor","office","OFFICE_LOCATION"),
("What is Inna Pivkina room number","professor","room number","OFFICE_LOCATION"),
("How can I reach Inna Pivkina","professor","reach","CONTACT_INFO"),
("Can I get the email address for Inna Pivkina?","professor","email","CONTACT_INFO"),
("What is Inna Pivkina phone number","professor","phone number","CONTACT_INFO"),
("How can a get a hold of Inna Pivkina?","professor","hold of","CONTACT_INFO"),
("Can I have Inna Pivkina contact info","professor","contact info","CONTACT_INFO"),
("I need to call Inna Pivkina","professor","call","CONTACT_INFO"),
("When are Joe Song office hours?","professor","ofice hours","OFFICE_HOURS"),
("Does Joe Song have any available office hours this week?","professor","ofice hours","OFFICE_HOURS"),
("What are Joe Song office hours","professor","ofice hours","OFFICE_HOURS"),
("Is Joe Song available to meet","professor","available","OFFICE_HOURS"),
("What time is Joe Song office hours","professor","ofice hours","OFFICE_HOURS"),
("can Joe Song meet with me today","professor","meet","OFFICE_HOURS"),
("What room is Joe Song in?","professor","what room","OFFICE_LOCATION"),
("Where is Joe Song office?","professor","office","OFFICE_LOCATION"),
("Does Joe Song have an office in this building","professor","office","OFFICE_LOCATION"),
("Where can I find Joe Song?","professor","Where","OFFICE_LOCATION"),
("Do you know where Joe Song office is?","professor","office","OFFICE_LOCATION"),
("What is Joe Song room number","professor","room number","OFFICE_LOCATION"),
("How can I reach Joe Song","professor","reach","CONTACT_INFO"),
("Can I get the email address for Joe Song?","professor","email","CONTACT_INFO"),
("What is Joe Song phone number","professor","phone number","CONTACT_INFO"),
("How can a get a hold of Joe Song?","professor","hold of","CONTACT_INFO"),
("Can I have Joe Song contact info","professor","contact info","CONTACT_INFO"),
("I need to call Joe Song","professor","call","CONTACT_INFO"),
("When are Z O. Toups office hours?","professor","ofice hours","OFFICE_HOURS"),
("Does Z O. Toups have any available office hours this week?","professor","ofice hours","OFFICE_HOURS"),
("What are Z O. Toups office hours","professor","ofice hours","OFFICE_HOURS"),
("Is Z O. Toups available to meet","professor","available","OFFICE_HOURS"),
("What time is Z O. Toups office hours","professor","ofice hours","OFFICE_HOURS"),
("can Z O. Toups meet with me today","professor","meet","OFFICE_HOURS"),
("What room is Z O. Toups in?","professor","what room","OFFICE_LOCATION"),
("Where is Z O. Toups office?","professor","office","OFFICE_LOCATION"),
("Does Z O. Toups have an office in this building","professor","office","OFFICE_LOCATION"),
("Where can I find Z O. Toups?","professor","Where","OFFICE_LOCATION"),
("Do you know where Z O. Toups office is?","professor","office","OFFICE_LOCATION"),
("What is Z O. Toups room number","professor","room number","OFFICE_LOCATION"),
("How can I reach Z O. Toups","professor","reach","CONTACT_INFO"),
("Can I get the email address for Z O. Toups?","professor","email","CONTACT_INFO"),
("What is Z O. Toups phone number","professor","phone number","CONTACT_INFO"),
("How can a get a hold of Z O. Toups?","professor","hold of","CONTACT_INFO"),
("Can I have Z O. Toups contact info","professor","contact info","CONTACT_INFO"),
("I need to call Z O. Toups","professor","call","CONTACT_INFO"),
("When are Roopa Vishwanathan office hours?","professor","ofice hours","OFFICE_HOURS"),
("Does Roopa Vishwanathan have any available office hours this week?","professor","ofice hours","OFFICE_HOURS"),
("What are Roopa Vishwanathan office hours","professor","ofice hours","OFFICE_HOURS"),
("Is Roopa Vishwanathan available to meet","professor","available","OFFICE_HOURS"),
("What time is Roopa Vishwanathan office hours","professor","ofice hours","OFFICE_HOURS"),
("can Roopa Vishwanathan meet with me today","professor","meet","OFFICE_HOURS"),
("What room is Roopa Vishwanathan in?","professor","what room","OFFICE_LOCATION"),
("Where is Roopa Vishwanathan office?","professor","office","OFFICE_LOCATION"),
("Does Roopa Vishwanathan have an office in this building","professor","office","OFFICE_LOCATION"),
("Where can I find Roopa Vishwanathan?","professor","Where","OFFICE_LOCATION"),
("Do you know where Roopa Vishwanathan office is?","professor","office","OFFICE_LOCATION"),
("What is Roopa Vishwanathan room number","professor","room number","OFFICE_LOCATION"),
("How can I reach Roopa Vishwanathan","professor","reach","CONTACT_INFO"),
("Can I get the email address for Roopa Vishwanathan?","professor","email","CONTACT_INFO"),
("What is Roopa Vishwanathan phone number","professor","phone number","CONTACT_INFO"),
("How can a get a hold of Roopa Vishwanathan?","professor","hold of","CONTACT_INFO"),
("Can I have Roopa Vishwanathan contact info","professor","contact info","CONTACT_INFO"),
("I need to call Roopa Vishwanathan","professor","call","CONTACT_INFO"),
("When are Tao Wang office hours?","professor","ofice hours","OFFICE_HOURS"),
("Does Tao Wang have any available office hours this week?","professor","ofice hours","OFFICE_HOURS"),
("What are Tao Wang office hours","professor","ofice hours","OFFICE_HOURS"),
("Is Tao Wang available to meet","professor","available","OFFICE_HOURS"),
("What time is Tao Wang office hours","professor","ofice hours","OFFICE_HOURS"),
("can Tao Wang meet with me today","professor","meet","OFFICE_HOURS"),
("What room is Tao Wang in?","professor","what room","OFFICE_LOCATION"),
("Where is Tao Wang office?","professor","office","OFFICE_LOCATION"),
("Does Tao Wang have an office in this building","professor","office","OFFICE_LOCATION"),
("Where can I find Tao Wang?","professor","Where","OFFICE_LOCATION"),
("Do you know where Tao Wang office is?","professor","office","OFFICE_LOCATION"),
("What is Tao Wang room number","professor","room number","OFFICE_LOCATION"),
("How can I reach Tao Wang","professor","reach","CONTACT_INFO"),
("Can I get the email address for Tao Wang?","professor","email","CONTACT_INFO"),
("What is Tao Wang phone number","professor","phone number","CONTACT_INFO"),
("How can a get a hold of Tao Wang?","professor","hold of","CONTACT_INFO"),
("Can I have Tao Wang contact info","professor","contact info","CONTACT_INFO"),
("I need to call Tao Wang","professor","call","CONTACT_INFO"),
("When are Shah Muhammad Hamdi office hours?","professor","ofice hours","OFFICE_HOURS"),
("Does Shah Muhammad Hamdi have any available office hours this week?","professor","ofice hours","OFFICE_HOURS"),
("What are Shah Muhammad Hamdi office hours","professor","ofice hours","OFFICE_HOURS"),
("Is Shah Muhammad Hamdi available to meet","professor","available","OFFICE_HOURS"),
("What time is Shah Muhammad Hamdi office hours","professor","ofice hours","OFFICE_HOURS"),
("can Shah Muhammad Hamdi meet with me today","professor","meet","OFFICE_HOURS"),
("What room is Shah Muhammad Hamdi in?","professor","what room","OFFICE_LOCATION"),
("Where is Shah Muhammad Hamdi office?","professor","office","OFFICE_LOCATION"),
("Does Shah Muhammad Hamdi have an office in this building","professor","office","OFFICE_LOCATION"),
("Where can I find Shah Muhammad Hamdi?","professor","Where","OFFICE_LOCATION"),
("Do you know where Shah Muhammad Hamdi office is?","professor","office","OFFICE_LOCATION"),
("What is Shah Muhammad Hamdi room number","professor","room number","OFFICE_LOCATION"),
("How can I reach Shah Muhammad Hamdi","professor","reach","CONTACT_INFO"),
("Can I get the email address for Shah Muhammad Hamdi?","professor","email","CONTACT_INFO"),
("What is Shah Muhammad Hamdi phone number","professor","phone number","CONTACT_INFO"),
("How can a get a hold of Shah Muhammad Hamdi?","professor","hold of","CONTACT_INFO"),
("Can I have Shah Muhammad Hamdi contact info","professor","contact info","CONTACT_INFO"),
("I need to call Shah Muhammad Hamdi","professor","call","CONTACT_INFO"),
("When are Shaun Cooper office hours?","professor","ofice hours","OFFICE_HOURS"),
("Does Shaun Cooper have any available office hours this week?","professor","ofice hours","OFFICE_HOURS"),
("What are Shaun Cooper office hours","professor","ofice hours","OFFICE_HOURS"),
("Is Shaun Cooper available to meet","professor","available","OFFICE_HOURS"),
("What time is Shaun Cooper office hours","professor","ofice hours","OFFICE_HOURS"),
("can Shaun Cooper meet with me today","professor","meet","OFFICE_HOURS"),
("What room is Shaun Cooper in?","professor","what room","OFFICE_LOCATION"),
("Where is Shaun Cooper office?","professor","office","OFFICE_LOCATION"),
("Does Shaun Cooper have an office in this building","professor","office","OFFICE_LOCATION"),
("Where can I find Shaun Cooper?","professor","Where","OFFICE_LOCATION"),
("Do you know where Shaun Cooper office is?","professor","office","OFFICE_LOCATION"),
("What is Shaun Cooper room number","professor","room number","OFFICE_LOCATION"),
("How can I reach Shaun Cooper","professor","reach","CONTACT_INFO"),
("Can I get the email address for Shaun Cooper?","professor","email","CONTACT_INFO"),
("What is Shaun Cooper phone number","professor","phone number","CONTACT_INFO"),
("How can a get a hold of Shaun Cooper?","professor","hold of","CONTACT_INFO"),
("Can I have Shaun Cooper contact info","professor","contact info","CONTACT_INFO"),
("I need to call Shaun Cooper","professor","call","CONTACT_INFO"),
("When are Esther Steiner office hours?","professor","ofice hours","OFFICE_HOURS"),
("Does Esther Steiner have any available office hours this week?","professor","ofice hours","OFFICE_HOURS"),
("What are Esther Steiner office hours","professor","ofice hours","OFFICE_HOURS"),
("Is Esther Steiner available to meet","professor","available","OFFICE_HOURS"),
("What time is Esther Steiner office hours","professor","ofice hours","OFFICE_HOURS"),
("can Esther Steiner meet with me today","professor","meet","OFFICE_HOURS"),
("What room is Esther Steiner in?","professor","what room","OFFICE_LOCATION"),
("Where is Esther Steiner office?","professor","office","OFFICE_LOCATION"),
("Does Esther Steiner have an office in this building","professor","office","OFFICE_LOCATION"),
("Where can I find Esther Steiner?","professor","Where","OFFICE_LOCATION"),
("Do you know where Esther Steiner office is?","professor","office","OFFICE_LOCATION"),
("What is Esther Steiner room number","professor","room number","OFFICE_LOCATION"),
("How can I reach Esther Steiner","professor","reach","CONTACT_INFO"),
("Can I get the email address for Esther Steiner?","professor","email","CONTACT_INFO"),
("What is Esther Steiner phone number","professor","phone number","CONTACT_INFO"),
("How can a get a hold of Esther Steiner?","professor","hold of","CONTACT_INFO"),
("Can I have Esther Steiner contact info","professor","contact info","CONTACT_INFO"),
("I need to call Esther Steiner","professor","call","CONTACT_INFO"),
("Can I reserve a room?","professor","reserve"," PROFESSOR_ACTIONS"),
("can I reserve room X?","professor","reserve","PROFESSOR_ACTIONS"),
("Can you reserve room X for me?","professor","reserve","PROFESSOR_ACTIONS"),
("What do I do for a substitution?","professor","substitution","PROFESSOR_ACTIONS"),
("What do I do for a class substitution?","professor","class substitution","PROFESSOR_ACTIONS"),
("What do I do for a course substitution?","professor","course substitution","PROFESSOR_ACTIONS"),
("What time is C S 458?","course","C S 458","COURSE"),
("When is C S 458?","course","C S 458","COURSE"),
("Is C S 458 offered in the fall?","course","C S 458","COURSE"),
("Who is teaching C S 458?","course","C S 458","COURSE"),
("Do I need to take C S 458?","course","C S 458","COURSE"),
("IS C S 458 required to graduate?","course","C S 458","COURSE"),
("What time is C S 459?","course","C S 459","COURSE"),
("When is C S 459?","course","C S 459","COURSE"),
("Is C S 459 offered in the fall?","course","C S 459","COURSE"),
("Who is teaching C S 459?","course","C S 459","COURSE"),
("Do I need to take C S 459?","course","C S 459","COURSE"),
("IS C S 459 required to graduate?","course","C S 459","COURSE"),
("What time is C S 460?","course","C S 460","COURSE"),
("When is C S 460?","course","C S 460","COURSE"),
("Is C S 460 offered in the fall?","course","C S 460","COURSE"),
("Who is teaching C S 460?","course","C S 460","COURSE"),
("Do I need to take C S 460?","course","C S 460","COURSE"),
("IS C S 460 required to graduate?","course","C S 460","COURSE"),
("What time is C S 462?","course","C S 462","COURSE"),
("When is C S 462?","course","C S 462","COURSE"),
("Is C S 462 offered in the fall?","course","C S 462","COURSE"),
("Who is teaching C S 462?","course","C S 462","COURSE"),
("Do I need to take C S 462?","course","C S 462","COURSE"),
("IS C S 462 required to graduate?","course","C S 462","COURSE"),
("What time is C S 463?","course","C S 463","COURSE"),
("When is C S 463?","course","C S 463","COURSE"),
("Is C S 463 offered in the fall?","course","C S 463","COURSE"),
("Who is teaching C S 463?","course","C S 463","COURSE"),
("Do I need to take C S 463?","course","C S 463","COURSE"),
("IS C S 463 required to graduate?","course","C S 463","COURSE"),
("What time is C S 464?","course","C S 464","COURSE"),
("When is C S 464?","course","C S 464","COURSE"),
("Is C S 464 offered in the fall?","course","C S 464","COURSE"),
("Who is teaching C S 464?","course","C S 464","COURSE"),
("Do I need to take C S 464?","course","C S 464","COURSE"),
("IS C S 464 required to graduate?","course","C S 464","COURSE"),
("What time is C S 465?","course","C S 465","COURSE"),
("When is C S 465?","course","C S 465","COURSE"),
("Is C S 465 offered in the fall?","course","C S 465","COURSE"),
("Who is teaching C S 465?","course","C S 465","COURSE"),
("Do I need to take C S 465?","course","C S 465","COURSE"),
("IS C S 465 required to graduate?","course","C S 465","COURSE"),
("What time is C S 466?","course","C S 466","COURSE"),
("When is C S 466?","course","C S 466","COURSE"),
("Is C S 466 offered in the fall?","course","C S 466","COURSE"),
("Who is teaching C S 466?","course","C S 466","COURSE"),
("Do I need to take C S 466?","course","C S 466","COURSE"),
("IS C S 466 required to graduate?","course","C S 466","COURSE"),
("What time is C S 468?","course","C S 468","COURSE"),
("When is C S 468?","course","C S 468","COURSE"),
("Is C S 468 offered in the fall?","course","C S 468","COURSE"),
("Who is teaching C S 468?","course","C S 468","COURSE"),
("Do I need to take C S 468?","course","C S 468","COURSE"),
("IS C S 468 required to graduate?","course","C S 468","COURSE"),
("What time is C S 469?","course","C S 469","COURSE"),
("When is C S 469?","course","C S 469","COURSE"),
("Is C S 469 offered in the fall?","course","C S 469","COURSE"),
("Who is teaching C S 469?","course","C S 469","COURSE"),
("Do I need to take C S 469?","course","C S 469","COURSE"),
("IS C S 469 required to graduate?","course","C S 469","COURSE"),
("What time is C S 471?","course","C S 471","COURSE"),
("When is C S 471?","course","C S 471","COURSE"),
("Is C S 471 offered in the fall?","course","C S 471","COURSE"),
("Who is teaching C S 471?","course","C S 471","COURSE"),
("Do I need to take C S 471?","course","C S 471","COURSE"),
("IS C S 471 required to graduate?","course","C S 471","COURSE"),
("What time is C S 473?","course","C S 473","COURSE"),
("When is C S 473?","course","C S 473","COURSE"),
("Is C S 473 offered in the fall?","course","C S 473","COURSE"),
("Who is teaching C S 473?","course","C S 473","COURSE"),
("Do I need to take C S 473?","course","C S 473","COURSE"),
("IS C S 473 required to graduate?","course","C S 473","COURSE"),
("What time is C S 474?","course","C S 474","COURSE"),
("When is C S 474?","course","C S 474","COURSE"),
("Is C S 474 offered in the fall?","course","C S 474","COURSE"),
("Who is teaching C S 474?","course","C S 474","COURSE"),
("Do I need to take C S 474?","course","C S 474","COURSE"),
("IS C S 474 required to graduate?","course","C S 474","COURSE"),
("What time is C S 475?","course","C S 475","COURSE"),
("When is C S 475?","course","C S 475","COURSE"),
("Is C S 475 offered in the fall?","course","C S 475","COURSE"),
("Who is teaching C S 475?","course","C S 475","COURSE"),
("Do I need to take C S 475?","course","C S 475","COURSE"),
("IS C S 475 required to graduate?","course","C S 475","COURSE"),
("What time is C S 476?","course","C S 476","COURSE"),
("When is C S 476?","course","C S 476","COURSE"),
("Is C S 476 offered in the fall?","course","C S 476","COURSE"),
("Who is teaching C S 476?","course","C S 476","COURSE"),
("Do I need to take C S 476?","course","C S 476","COURSE"),
("IS C S 476 required to graduate?","course","C S 476","COURSE"),
("What time is C S 477?","course","C S 477","COURSE"),
("When is C S 477?","course","C S 477","COURSE"),
("Is C S 477 offered in the fall?","course","C S 477","COURSE"),
("Who is teaching C S 477?","course","C S 477","COURSE"),
("Do I need to take C S 477?","course","C S 477","COURSE"),
("IS C S 477 required to graduate?","course","C S 477","COURSE"),
("What time is C S 478?","course","C S 478","COURSE"),
("When is C S 478?","course","C S 478","COURSE"),
("Is C S 478 offered in the fall?","course","C S 478","COURSE"),
("Who is teaching C S 478?","course","C S 478","COURSE"),
("Do I need to take C S 478?","course","C S 478","COURSE"),
("IS C S 478 required to graduate?","course","C S 478","COURSE"),
("What time is C S 479?","course","C S 479","COURSE"),
("When is C S 479?","course","C S 479","COURSE"),
("Is C S 479 offered in the fall?","course","C S 479","COURSE"),
("Who is teaching C S 479?","course","C S 479","COURSE"),
("Do I need to take C S 479?","course","C S 479","COURSE"),
("IS C S 479 required to graduate?","course","C S 479","COURSE"),
("What time is C S 480?","course","C S 480","COURSE"),
("When is C S 480?","course","C S 480","COURSE"),
("Is C S 480 offered in the fall?","course","C S 480","COURSE"),
("Who is teaching C S 480?","course","C S 480","COURSE"),
("Do I need to take C S 480?","course","C S 480","COURSE"),
("IS C S 480 required to graduate?","course","C S 480","COURSE"),
("What time is C S 481?","course","C S 481","COURSE"),
("When is C S 481?","course","C S 481","COURSE"),
("Is C S 481 offered in the fall?","course","C S 481","COURSE"),
("Who is teaching C S 481?","course","C S 481","COURSE"),
("Do I need to take C S 481?","course","C S 481","COURSE"),
("IS C S 481 required to graduate?","course","C S 481","COURSE"),
("What time is C S 482?","course","C S 482","COURSE"),
("When is C S 482?","course","C S 482","COURSE"),
("Is C S 482 offered in the fall?","course","C S 482","COURSE"),
("Who is teaching C S 482?","course","C S 482","COURSE"),
("Do I need to take C S 482?","course","C S 482","COURSE"),
("IS C S 482 required to graduate?","course","C S 482","COURSE"),
("What time is C S 483?","course","C S 483","COURSE"),
("When is C S 483?","course","C S 483","COURSE"),
("Is C S 483 offered in the fall?","course","C S 483","COURSE"),
("Who is teaching C S 483?","course","C S 483","COURSE"),
("Do I need to take C S 483?","course","C S 483","COURSE"),
("IS C S 483 required to graduate?","course","C S 483","COURSE"),
("What time is C S 484?","course","C S 484","COURSE"),
("When is C S 484?","course","C S 484","COURSE"),
("Is C S 484 offered in the fall?","course","C S 484","COURSE"),
("Who is teaching C S 484?","course","C S 484","COURSE"),
("Do I need to take C S 484?","course","C S 484","COURSE"),
("IS C S 484 required to graduate?","course","C S 484","COURSE"),
("What time is C S 485?","course","C S 485","COURSE"),
("When is C S 485?","course","C S 485","COURSE"),
("Is C S 485 offered in the fall?","course","C S 485","COURSE"),
("Who is teaching C S 485?","course","C S 485","COURSE"),
("Do I need to take C S 485?","course","C S 485","COURSE"),
("IS C S 485 required to graduate?","course","C S 485","COURSE"),
("What time is C S 486?","course","C S 486","COURSE"),
("When is C S 486?","course","C S 486","COURSE"),
("Is C S 486 offered in the fall?","course","C S 486","COURSE"),
("Who is teaching C S 486?","course","C S 486","COURSE"),
("Do I need to take C S 486?","course","C S 486","COURSE"),
("IS C S 486 required to graduate?","course","C S 486","COURSE"),
("What time is C S 487?","course","C S 487","COURSE"),
("When is C S 487?","course","C S 487","COURSE"),
("Is C S 487 offered in the fall?","course","C S 487","COURSE"),
("Who is teaching C S 487?","course","C S 487","COURSE"),
("Do I need to take C S 487?","course","C S 487","COURSE"),
("IS C S 487 required to graduate?","course","C S 487","COURSE"),
("What time is C S 488?","course","C S 488","COURSE"),
("When is C S 488?","course","C S 488","COURSE"),
("Is C S 488 offered in the fall?","course","C S 488","COURSE"),
("Who is teaching C S 488?","course","C S 488","COURSE"),
("Do I need to take C S 488?","course","C S 488","COURSE"),
("IS C S 488 required to graduate?","course","C S 488","COURSE"),
("What time is C S 489?","course","C S 489","COURSE"),
("When is C S 489?","course","C S 489","COURSE"),
("Is C S 489 offered in the fall?","course","C S 489","COURSE"),
("Who is teaching C S 489?","course","C S 489","COURSE"),
("Do I need to take C S 489?","course","C S 489","COURSE"),
("IS C S 489 required to graduate?","course","C S 489","COURSE"),
("What time is C S 491?","course","C S 491","COURSE"),
("When is C S 491?","course","C S 491","COURSE"),
("Is C S 491 offered in the fall?","course","C S 491","COURSE"),
("Who is teaching C S 491?","course","C S 491","COURSE"),
("Do I need to take C S 491?","course","C S 491","COURSE"),
("IS C S 491 required to graduate?","course","C S 491","COURSE"),
("What time is C S 493?","course","C S 493","COURSE"),
("When is C S 493?","course","C S 493","COURSE"),
("Is C S 493 offered in the fall?","course","C S 493","COURSE"),
("Who is teaching C S 493?","course","C S 493","COURSE"),
("Do I need to take C S 493?","course","C S 493","COURSE"),
("IS C S 493 required to graduate?","course","C S 493","COURSE"),
("What time is C S 494?","course","C S 494","COURSE"),
("When is C S 494?","course","C S 494","COURSE"),
("Is C S 494 offered in the fall?","course","C S 494","COURSE"),
("Who is teaching C S 494?","course","C S 494","COURSE"),
("Do I need to take C S 494?","course","C S 494","COURSE"),
("IS C S 494 required to graduate?","course","C S 494","COURSE"),
("What time is C S 496?","course","C S 496","COURSE"),
("When is C S 496?","course","C S 496","COURSE"),
("Is C S 496 offered in the fall?","course","C S 496","COURSE"),
("Who is teaching C S 496?","course","C S 496","COURSE"),
("Do I need to take C S 496?","course","C S 496","COURSE"),
("IS C S 496 required to graduate?","course","C S 496","COURSE"),
("What time is C S 502?","course","C S 502","COURSE"),
("When is C S 502?","course","C S 502","COURSE"),
("Is C S 502 offered in the fall?","course","C S 502","COURSE"),
("Who is teaching C S 502?","course","C S 502","COURSE"),
("Do I need to take C S 502?","course","C S 502","COURSE"),
("IS C S 502 required to graduate?","course","C S 502","COURSE"),
("What time is C S 503?","course","C S 503","COURSE"),
("When is C S 503?","course","C S 503","COURSE"),
("Is C S 503 offered in the fall?","course","C S 503","COURSE"),
("Who is teaching C S 503?","course","C S 503","COURSE"),
("Do I need to take C S 503?","course","C S 503","COURSE"),
("IS C S 503 required to graduate?","course","C S 503","COURSE"),
("What time is C S 504?","course","C S 504","COURSE"),
("When is C S 504?","course","C S 504","COURSE"),
("Is C S 504 offered in the fall?","course","C S 504","COURSE"),
("Who is teaching C S 504?","course","C S 504","COURSE"),
("Do I need to take C S 504?","course","C S 504","COURSE"),
("IS C S 504 required to graduate?","course","C S 504","COURSE"),
("What time is C S 505?","course","C S 505","COURSE"),
("When is C S 505?","course","C S 505","COURSE"),
("Is C S 505 offered in the fall?","course","C S 505","COURSE"),
("Who is teaching C S 505?","course","C S 505","COURSE"),
("Do I need to take C S 505?","course","C S 505","COURSE"),
("IS C S 505 required to graduate?","course","C S 505","COURSE"),
("What time is C S 506?","course","C S 506","COURSE"),
("When is C S 506?","course","C S 506","COURSE"),
("Is C S 506 offered in the fall?","course","C S 506","COURSE"),
("Who is teaching C S 506?","course","C S 506","COURSE"),
("Do I need to take C S 506?","course","C S 506","COURSE"),
("IS C S 506 required to graduate?","course","C S 506","COURSE"),
("What time is C S 508?","course","C S 508","COURSE"),
("When is C S 508?","course","C S 508","COURSE"),
("Is C S 508 offered in the fall?","course","C S 508","COURSE"),
("Who is teaching C S 508?","course","C S 508","COURSE"),
("Do I need to take C S 508?","course","C S 508","COURSE"),
("IS C S 508 required to graduate?","course","C S 508","COURSE"),
("What time is C S 509?","course","C S 509","COURSE"),
("When is C S 509?","course","C S 509","COURSE"),
("Is C S 509 offered in the fall?","course","C S 509","COURSE"),
("Who is teaching C S 509?","course","C S 509","COURSE"),
("Do I need to take C S 509?","course","C S 509","COURSE"),
("IS C S 509 required to graduate?","course","C S 509","COURSE"),
("What time is C S 510?","course","C S 510","COURSE"),
("When is C S 510?","course","C S 510","COURSE"),
("Is C S 510 offered in the fall?","course","C S 510","COURSE"),
("Who is teaching C S 510?","course","C S 510","COURSE"),
("Do I need to take C S 510?","course","C S 510","COURSE"),
("IS C S 510 required to graduate?","course","C S 510","COURSE"),
("What time is C S 513?","course","C S 513","COURSE"),
("When is C S 513?","course","C S 513","COURSE"),
("Is C S 513 offered in the fall?","course","C S 513","COURSE"),
("Who is teaching C S 513?","course","C S 513","COURSE"),
("Do I need to take C S 513?","course","C S 513","COURSE"),
("IS C S 513 required to graduate?","course","C S 513","COURSE"),
("What time is C S 514?","course","C S 514","COURSE"),
("When is C S 514?","course","C S 514","COURSE"),
("Is C S 514 offered in the fall?","course","C S 514","COURSE"),
("Who is teaching C S 514?","course","C S 514","COURSE"),
("Do I need to take C S 514?","course","C S 514","COURSE"),
("IS C S 514 required to graduate?","course","C S 514","COURSE"),
("What time is C S 515?","course","C S 515","COURSE"),
("When is C S 515?","course","C S 515","COURSE"),
("Is C S 515 offered in the fall?","course","C S 515","COURSE"),
("Who is teaching C S 515?","course","C S 515","COURSE"),
("Do I need to take C S 515?","course","C S 515","COURSE"),
("IS C S 515 required to graduate?","course","C S 515","COURSE"),
("What time is C S 516?","course","C S 516","COURSE"),
("When is C S 516?","course","C S 516","COURSE"),
("Is C S 516 offered in the fall?","course","C S 516","COURSE"),
("Who is teaching C S 516?","course","C S 516","COURSE"),
("Do I need to take C S 516?","course","C S 516","COURSE"),
("IS C S 516 required to graduate?","course","C S 516","COURSE"),
("What time is C S 517?","course","C S 517","COURSE"),
("When is C S 517?","course","C S 517","COURSE"),
("Is C S 517 offered in the fall?","course","C S 517","COURSE"),
("Who is teaching C S 517?","course","C S 517","COURSE"),
("Do I need to take C S 517?","course","C S 517","COURSE"),
("IS C S 517 required to graduate?","course","C S 517","COURSE"),
("What time is C S 518?","course","C S 518","COURSE"),
("When is C S 518?","course","C S 518","COURSE"),
("Is C S 518 offered in the fall?","course","C S 518","COURSE"),
("Who is teaching C S 518?","course","C S 518","COURSE"),
("Do I need to take C S 518?","course","C S 518","COURSE"),
("IS C S 518 required to graduate?","course","C S 518","COURSE"),
("What time is C S 519?","course","C S 519","COURSE"),
("When is C S 519?","course","C S 519","COURSE"),
("Is C S 519 offered in the fall?","course","C S 519","COURSE"),
("Who is teaching C S 519?","course","C S 519","COURSE"),
("Do I need to take C S 519?","course","C S 519","COURSE"),
("IS C S 519 required to graduate?","course","C S 519","COURSE"),
("What time is C S 521?","course","C S 521","COURSE"),
("When is C S 521?","course","C S 521","COURSE"),
("Is C S 521 offered in the fall?","course","C S 521","COURSE"),
("Who is teaching C S 521?","course","C S 521","COURSE"),
("Do I need to take C S 521?","course","C S 521","COURSE"),
("IS C S 521 required to graduate?","course","C S 521","COURSE"),
("What time is C S 522?","course","C S 522","COURSE"),
("When is C S 522?","course","C S 522","COURSE"),
("Is C S 522 offered in the fall?","course","C S 522","COURSE"),
("Who is teaching C S 522?","course","C S 522","COURSE"),
("Do I need to take C S 522?","course","C S 522","COURSE"),
("IS C S 522 required to graduate?","course","C S 522","COURSE"),
("What time is C S 570?","course","C S 570","COURSE"),
("When is C S 570?","course","C S 570","COURSE"),
("Is C S 570 offered in the fall?","course","C S 570","COURSE"),
("Who is teaching C S 570?","course","C S 570","COURSE"),
("Do I need to take C S 570?","course","C S 570","COURSE"),
("IS C S 570 required to graduate?","course","C S 570","COURSE"),
("What time is C S 571?","course","C S 571","COURSE"),
("When is C S 571?","course","C S 571","COURSE"),
("Is C S 571 offered in the fall?","course","C S 571","COURSE"),
("Who is teaching C S 571?","course","C S 571","COURSE"),
("Do I need to take C S 571?","course","C S 571","COURSE"),
("IS C S 571 required to graduate?","course","C S 571","COURSE"),
("What time is C S 573?","course","C S 573","COURSE"),
("When is C S 573?","course","C S 573","COURSE"),
("Is C S 573 offered in the fall?","course","C S 573","COURSE"),
("Who is teaching C S 573?","course","C S 573","COURSE"),
("Do I need to take C S 573?","course","C S 573","COURSE"),
("IS C S 573 required to graduate?","course","C S 573","COURSE"),
("What time is C S 574?","course","C S 574","COURSE"),
("When is C S 574?","course","C S 574","COURSE"),
("Is C S 574 offered in the fall?","course","C S 574","COURSE"),
("Who is teaching C S 574?","course","C S 574","COURSE"),
("Do I need to take C S 574?","course","C S 574","COURSE"),
("IS C S 574 required to graduate?","course","C S 574","COURSE"),
("What time is C S 575?","course","C S 575","COURSE"),
("When is C S 575?","course","C S 575","COURSE"),
("Is C S 575 offered in the fall?","course","C S 575","COURSE"),
("Who is teaching C S 575?","course","C S 575","COURSE"),
("Do I need to take C S 575?","course","C S 575","COURSE"),
("IS C S 575 required to graduate?","course","C S 575","COURSE"),
("What time is C S 579?","course","C S 579","COURSE"),
("When is C S 579?","course","C S 579","COURSE"),
("Is C S 579 offered in the fall?","course","C S 579","COURSE"),
("Who is teaching C S 579?","course","C S 579","COURSE"),
("Do I need to take C S 579?","course","C S 579","COURSE"),
("IS C S 579 required to graduate?","course","C S 579","COURSE"),
("What time is C S 581?","course","C S 581","COURSE"),
("When is C S 581?","course","C S 581","COURSE"),
("Is C S 581 offered in the fall?","course","C S 581","COURSE"),
("Who is teaching C S 581?","course","C S 581","COURSE"),
("Do I need to take C S 581?","course","C S 581","COURSE"),
("IS C S 581 required to graduate?","course","C S 581","COURSE"),
("What time is C S 582?","course","C S 582","COURSE"),
("When is C S 582?","course","C S 582","COURSE"),
("Is C S 582 offered in the fall?","course","C S 582","COURSE"),
("Who is teaching C S 582?","course","C S 582","COURSE"),
("Do I need to take C S 582?","course","C S 582","COURSE"),
("IS C S 582 required to graduate?","course","C S 582","COURSE"),
("What time is C S 583?","course","C S 583","COURSE"),
("When is C S 583?","course","C S 583","COURSE"),
("Is C S 583 offered in the fall?","course","C S 583","COURSE"),
("Who is teaching C S 583?","course","C S 583","COURSE"),
("Do I need to take C S 583?","course","C S 583","COURSE"),
("IS C S 583 required to graduate?","course","C S 583","COURSE"),
("What time is C S 584?","course","C S 584","COURSE"),
("When is C S 584?","course","C S 584","COURSE"),
("Is C S 584 offered in the fall?","course","C S 584","COURSE"),
("Who is teaching C S 584?","course","C S 584","COURSE"),
("Do I need to take C S 584?","course","C S 584","COURSE"),
("IS C S 584 required to graduate?","course","C S 584","COURSE"),
("What time is C S 586?","course","C S 586","COURSE"),
("When is C S 586?","course","C S 586","COURSE"),
("Is C S 586 offered in the fall?","course","C S 586","COURSE"),
("Who is teaching C S 586?","course","C S 586","COURSE"),
("Do I need to take C S 586?","course","C S 586","COURSE"),
("IS C S 586 required to graduate?","course","C S 586","COURSE"),
("What time is C S 587?","course","C S 587","COURSE"),
("When is C S 587?","course","C S 587","COURSE"),
("Is C S 587 offered in the fall?","course","C S 587","COURSE"),
("Who is teaching C S 587?","course","C S 587","COURSE"),
("Do I need to take C S 587?","course","C S 587","COURSE"),
("IS C S 587 required to graduate?","course","C S 587","COURSE"),
("What time is C S 589?","course","C S 589","COURSE"),
("When is C S 589?","course","C S 589","COURSE"),
("Is C S 589 offered in the fall?","course","C S 589","COURSE"),
("Who is teaching C S 589?","course","C S 589","COURSE"),
("Do I need to take C S 589?","course","C S 589","COURSE"),
("IS C S 589 required to graduate?","course","C S 589","COURSE"),
("What time is C S 598?","course","C S 598","COURSE"),
("When is C S 598?","course","C S 598","COURSE"),
("Is C S 598 offered in the fall?","course","C S 598","COURSE"),
("Who is teaching C S 598?","course","C S 598","COURSE"),
("Do I need to take C S 598?","course","C S 598","COURSE"),
("IS C S 598 required to graduate?","course","C S 598","COURSE"),
("What time is C S 599?","course","C S 599","COURSE"),
("When is C S 599?","course","C S 599","COURSE"),
("Is C S 599 offered in the fall?","course","C S 599","COURSE"),
("Who is teaching C S 599?","course","C S 599","COURSE"),
("Do I need to take C S 599?","course","C S 599","COURSE"),
("IS C S 599 required to graduate?","course","C S 599","COURSE"),
("What time is C S 600?","course","C S 600","COURSE"),
("When is C S 600?","course","C S 600","COURSE"),
("Is C S 600 offered in the fall?","course","C S 600","COURSE"),
("Who is teaching C S 600?","course","C S 600","COURSE"),
("Do I need to take C S 600?","course","C S 600","COURSE"),
("IS C S 600 required to graduate?","course","C S 600","COURSE"),
("What time is C S 700?","course","C S 700","COURSE"),
("When is C S 700?","course","C S 700","COURSE"),
("Is C S 700 offered in the fall?","course","C S 700","COURSE"),
("Who is teaching C S 700?","course","C S 700","COURSE"),
("Do I need to take C S 700?","course","C S 700","COURSE"),
("IS C S 700 required to graduate?","course","C S 700","COURSE"),
("What are the meeting times for Computer Literacy?","course","meeting times","COURSE_TIME"),
("What days are Computer Literacy?","course","What days","COURSE_TIME"),
("When is Computer Literacy class?","course","When is","COURSE_TIME"),
("How many credits is Computer Literacy?","course","credits","COURSE_CRED"),
("Who is teaching Computer Literacy?","course","teaching","COURSE_PROFESSOR"),
("Who is the professor for Computer Literacy?","course","professor","COURSE_PROFESSOR"),
("What room is Computer Literacy in?","course","room","COURSE_ROOM"),
("Where is Computer Literacy?","course","Where","COURSE_ROOM"),
("What are the meeting times for Computer Science Principles?","course","meeting times","COURSE_TIME"),
("What days are Computer Science Principles?","course","What days","COURSE_TIME"),
("When is Computer Science Principles class?","course","When is","COURSE_TIME"),
("How many credits is Computer Science Principles?","course","credits","COURSE_CRED"),
("Who is teaching Computer Science Principles?","course","teaching","COURSE_PROFESSOR"),
("Who is the professor for Computer Science Principles?","course","professor","COURSE_PROFESSOR"),
("What room is Computer Science Principles in?","course","room","COURSE_ROOM"),
("Where is Computer Science Principles?","course","Where","COURSE_ROOM"),
("What are the meeting times for Introduction to Computer Animation?","course","meeting times","COURSE_TIME"),
("What days are Introduction to Computer Animation?","course","What days","COURSE_TIME"),
("When is Introduction to Computer Animation class?","course","When is","COURSE_TIME"),
("How many credits is Introduction to Computer Animation?","course","credits","COURSE_CRED"),
("Who is teaching Introduction to Computer Animation?","course","teaching","COURSE_PROFESSOR"),
("Who is the professor for Introduction to Computer Animation?","course","professor","COURSE_PROFESSOR"),
("What room is Introduction to Computer Animation in?","course","room","COURSE_ROOM"),
("Where is Introduction to Computer Animation?","course","Where","COURSE_ROOM"),
("What are the meeting times for C Programming?","course","meeting times","COURSE_TIME"),
("What days are C Programming?","course","What days","COURSE_TIME"),
("When is C Programming class?","course","When is","COURSE_TIME"),
("How many credits is C Programming?","course","credits","COURSE_CRED"),
("Who is teaching C Programming?","course","teaching","COURSE_PROFESSOR"),
("Who is the professor for C Programming?","course","professor","COURSE_PROFESSOR"),
("What room is C Programming in?","course","room","COURSE_ROOM"),
("Where is C Programming?","course","Where","COURSE_ROOM"),
("What are the meeting times for C++ Programming?","course","meeting times","COURSE_TIME"),
("What days are C++ Programming?","course","What days","COURSE_TIME"),
("When is C++ Programming class?","course","When is","COURSE_TIME"),
("How many credits is C++ Programming?","course","credits","COURSE_CRED"),
("Who is teaching C++ Programming?","course","teaching","COURSE_PROFESSOR"),
("Who is the professor for C++ Programming?","course","professor","COURSE_PROFESSOR"),
("What room is C++ Programming in?","course","room","COURSE_ROOM"),
("Where is C++ Programming?","course","Where","COURSE_ROOM"),
("What are the meeting times for Java Programming?","course","meeting times","COURSE_TIME"),
("What days are Java Programming?","course","What days","COURSE_TIME"),
("When is Java Programming class?","course","When is","COURSE_TIME"),
("How many credits is Java Programming?","course","credits","COURSE_CRED"),
("Who is teaching Java Programming?","course","teaching","COURSE_PROFESSOR"),
("Who is the professor for Java Programming?","course","professor","COURSE_PROFESSOR"),
("What room is Java Programming in?","course","room","COURSE_ROOM"),
("Where is Java Programming?","course","Where","COURSE_ROOM"),
("What are the meeting times for Python Programming I?","course","meeting times","COURSE_TIME"),
("What days are Python Programming I?","course","What days","COURSE_TIME"),
("When is Python Programming I class?","course","When is","COURSE_TIME"),
("How many credits is Python Programming I?","course","credits","COURSE_CRED"),
("Who is teaching Python Programming I?","course","teaching","COURSE_PROFESSOR"),
("Who is the professor for Python Programming I?","course","professor","COURSE_PROFESSOR"),
("What room is Python Programming I in?","course","room","COURSE_ROOM"),
("Where is Python Programming I?","course","Where","COURSE_ROOM"),
("What are the meeting times for Python Programming II?","course","meeting times","COURSE_TIME"),
("What days are Python Programming II?","course","What days","COURSE_TIME"),
("When is Python Programming II class?","course","When is","COURSE_TIME"),
("How many credits is Python Programming II?","course","credits","COURSE_CRED"),
("Who is teaching Python Programming II?","course","teaching","COURSE_PROFESSOR"),
("Who is the professor for Python Programming II?","course","professor","COURSE_PROFESSOR"),
("What room is Python Programming II in?","course","room","COURSE_ROOM"),
("Where is Python Programming II?","course","Where","COURSE_ROOM"),
("What are the meeting times for Internet Programming I?","course","meeting times","COURSE_TIME"),
("What days are Internet Programming I?","course","What days","COURSE_TIME"),
("When is Internet Programming I class?","course","When is","COURSE_TIME"),
("How many credits is Internet Programming I?","course","credits","COURSE_CRED"),
("Who is teaching Internet Programming I?","course","teaching","COURSE_PROFESSOR"),
("Who is the professor for Internet Programming I?","course","professor","COURSE_PROFESSOR"),
("What room is Internet Programming I in?","course","room","COURSE_ROOM"),
("Where is Internet Programming I?","course","Where","COURSE_ROOM"),
("What are the meeting times for Internet Programming II?","course","meeting times","COURSE_TIME"),
("What days are Internet Programming II?","course","What days","COURSE_TIME"),
("When is Internet Programming II class?","course","When is","COURSE_TIME"),
("How many credits is Internet Programming II?","course","credits","COURSE_CRED"),
("Who is teaching Internet Programming II?","course","teaching","COURSE_PROFESSOR"),
("Who is the professor for Internet Programming II?","course","professor","COURSE_PROFESSOR"),
("What room is Internet Programming II in?","course","room","COURSE_ROOM"),
("Where is Internet Programming II?","course","Where","COURSE_ROOM"),
("What are the meeting times for Topics in Software Programming and Applications?","course","meeting times","COURSE_TIME"),
("What days are Topics in Software Programming and Applications?","course","What days","COURSE_TIME"),
("When is Topics in Software Programming and Applications class?","course","When is","COURSE_TIME"),
("How many credits is Topics in Software Programming and Applications?","course","credits","COURSE_CRED"),
("Who is teaching Topics in Software Programming and Applications?","course","teaching","COURSE_PROFESSOR"),
("Who is the professor for Topics in Software Programming and Applications?","course","professor","COURSE_PROFESSOR"),
("What room is Topics in Software Programming and Applications in?","course","room","COURSE_ROOM"),
("Where is Topics in Software Programming and Applications?","course","Where","COURSE_ROOM"),
("What are the meeting times for R Programming I?","course","meeting times","COURSE_TIME"),
("What days are R Programming I?","course","What days","COURSE_TIME"),
("When is R Programming I class?","course","When is","COURSE_TIME"),
("How many credits is R Programming I?","course","credits","COURSE_CRED"),
("Who is teaching R Programming I?","course","teaching","COURSE_PROFESSOR"),
("Who is the professor for R Programming I?","course","professor","COURSE_PROFESSOR"),
("What room is R Programming I in?","course","room","COURSE_ROOM"),
("Where is R Programming I?","course","Where","COURSE_ROOM"),
("What are the meeting times for R Programming II?","course","meeting times","COURSE_TIME"),
("What days are R Programming II?","course","What days","COURSE_TIME"),
("When is R Programming II class?","course","When is","COURSE_TIME"),
("How many credits is R Programming II?","course","credits","COURSE_CRED"),
("Who is teaching R Programming II?","course","teaching","COURSE_PROFESSOR"),
("Who is the professor for R Programming II?","course","professor","COURSE_PROFESSOR"),
("What room is R Programming II in?","course","room","COURSE_ROOM"),
("Where is R Programming II?","course","Where","COURSE_ROOM"),
("What are the meeting times for Computer Science I Transition?","course","meeting times","COURSE_TIME"),
("What days are Computer Science I Transition?","course","What days","COURSE_TIME"),
("When is Computer Science I Transition class?","course","When is","COURSE_TIME"),
("How many credits is Computer Science I Transition?","course","credits","COURSE_CRED"),
("Who is teaching Computer Science I Transition?","course","teaching","COURSE_PROFESSOR"),
("Who is the professor for Computer Science I Transition?","course","professor","COURSE_PROFESSOR"),
("What room is Computer Science I Transition in?","course","room","COURSE_ROOM"),
("Where is Computer Science I Transition?","course","Where","COURSE_ROOM"),
("What are the meeting times for Object Oriented Programming Transition?","course","meeting times","COURSE_TIME"),
("What days are Object Oriented Programming Transition?","course","What days","COURSE_TIME"),
("When is Object Oriented Programming Transition class?","course","When is","COURSE_TIME"),
("How many credits is Object Oriented Programming Transition?","course","credits","COURSE_CRED"),
("Who is teaching Object Oriented Programming Transition?","course","teaching","COURSE_PROFESSOR"),
("Who is the professor for Object Oriented Programming Transition?","course","professor","COURSE_PROFESSOR"),
("What room is Object Oriented Programming Transition in?","course","room","COURSE_ROOM"),
("Where is Object Oriented Programming Transition?","course","Where","COURSE_ROOM"),
("What are the meeting times for Introduction to Data Structures Transition?","course","meeting times","COURSE_TIME"),
("What days are Introduction to Data Structures Transition?","course","What days","COURSE_TIME"),
("When is Introduction to Data Structures Transition class?","course","When is","COURSE_TIME"),
("How many credits is Introduction to Data Structures Transition?","course","credits","COURSE_CRED"),
("Who is teaching Introduction to Data Structures Transition?","course","teaching","COURSE_PROFESSOR"),
("Who is the professor for Introduction to Data Structures Transition?","course","professor","COURSE_PROFESSOR"),
("What room is Introduction to Data Structures Transition in?","course","room","COURSE_ROOM"),
("Where is Introduction to Data Structures Transition?","course","Where","COURSE_ROOM"),
("What are the meeting times for Machine Programming and Organization Transition?","course","meeting times","COURSE_TIME"),
("What days are Machine Programming and Organization Transition?","course","What days","COURSE_TIME"),
("When is Machine Programming and Organization Transition class?","course","When is","COURSE_TIME"),
("How many credits is Machine Programming and Organization Transition?","course","credits","COURSE_CRED"),
("Who is teaching Machine Programming and Organization Transition?","course","teaching","COURSE_PROFESSOR"),
("Who is the professor for Machine Programming and Organization Transition?","course","professor","COURSE_PROFESSOR"),
("What room is Machine Programming and Organization Transition in?","course","room","COURSE_ROOM"),
("Where is Machine Programming and Organization Transition?","course","Where","COURSE_ROOM"),
("What are the meeting times for Discrete Math for Computer Science Transition?","course","meeting times","COURSE_TIME"),
("What days are Discrete Math for Computer Science Transition?","course","What days","COURSE_TIME"),
("When is Discrete Math for Computer Science Transition class?","course","When is","COURSE_TIME"),
("How many credits is Discrete Math for Computer Science Transition?","course","credits","COURSE_CRED"),
("Who is teaching Discrete Math for Computer Science Transition?","course","teaching","COURSE_PROFESSOR"),
("Who is the professor for Discrete Math for Computer Science Transition?","course","professor","COURSE_PROFESSOR"),
("What room is Discrete Math for Computer Science Transition in?","course","room","COURSE_ROOM"),
("Where is Discrete Math for Computer Science Transition?","course","Where","COURSE_ROOM"),
("What are the meeting times for Compilers and Automata Transition?","course","meeting times","COURSE_TIME"),
("What days are Compilers and Automata Transition?","course","What days","COURSE_TIME"),
("When is Compilers and Automata Transition class?","course","When is","COURSE_TIME"),
("How many credits is Compilers and Automata Transition?","course","credits","COURSE_CRED"),
("Who is teaching Compilers and Automata Transition?","course","teaching","COURSE_PROFESSOR"),
("Who is the professor for Compilers and Automata Transition?","course","professor","COURSE_PROFESSOR"),
("What room is Compilers and Automata Transition in?","course","room","COURSE_ROOM"),
("Where is Compilers and Automata Transition?","course","Where","COURSE_ROOM"),
("What are the meeting times for Software Development Transition?","course","meeting times","COURSE_TIME"),
("What days are Software Development Transition?","course","What days","COURSE_TIME"),
("When is Software Development Transition class?","course","When is","COURSE_TIME"),
("How many credits is Software Development Transition?","course","credits","COURSE_CRED"),
("Who is teaching Software Development Transition?","course","teaching","COURSE_PROFESSOR"),
("Who is the professor for Software Development Transition?","course","professor","COURSE_PROFESSOR"),
("What room is Software Development Transition in?","course","room","COURSE_ROOM"),
("Where is Software Development Transition?","course","Where","COURSE_ROOM"),
("What are the meeting times for Data Structure and Algorithms Transition?","course","meeting times","COURSE_TIME"),
("What days are Data Structure and Algorithms Transition?","course","What days","COURSE_TIME"),
("When is Data Structure and Algorithms Transition class?","course","When is","COURSE_TIME"),
("How many credits is Data Structure and Algorithms Transition?","course","credits","COURSE_CRED"),
("Who is teaching Data Structure and Algorithms Transition?","course","teaching","COURSE_PROFESSOR"),
("Who is the professor for Data Structure and Algorithms Transition?","course","professor","COURSE_PROFESSOR"),
("What room is Data Structure and Algorithms Transition in?","course","room","COURSE_ROOM"),
("Where is Data Structure and Algorithms Transition?","course","Where","COURSE_ROOM"),
("What are the meeting times for Programming Language Structure I?","course","meeting times","COURSE_TIME"),
("What days are Programming Language Structure I?","course","What days","COURSE_TIME"),
("When is Programming Language Structure I class?","course","When is","COURSE_TIME"),
("How many credits is Programming Language Structure I?","course","credits","COURSE_CRED"),
("Who is teaching Programming Language Structure I?","course","teaching","COURSE_PROFESSOR"),
("Who is the professor for Programming Language Structure I?","course","professor","COURSE_PROFESSOR"),
("What room is Programming Language Structure I in?","course","room","COURSE_ROOM"),
("Where is Programming Language Structure I?","course","Where","COURSE_ROOM"),
("What are the meeting times for Architectural Concepts I?","course","meeting times","COURSE_TIME"),
("What days are Architectural Concepts I?","course","What days","COURSE_TIME"),
("When is Architectural Concepts I class?","course","When is","COURSE_TIME"),
("How many credits is Architectural Concepts I?","course","credits","COURSE_CRED"),
("Who is teaching Architectural Concepts I?","course","teaching","COURSE_PROFESSOR"),
("Who is the professor for Architectural Concepts I?","course","professor","COURSE_PROFESSOR"),
("What room is Architectural Concepts I in?","course","room","COURSE_ROOM"),
("Where is Architectural Concepts I?","course","Where","COURSE_ROOM"),
("What are the meeting times for Operating Systems I?","course","meeting times","COURSE_TIME"),
("What days are Operating Systems I?","course","What days","COURSE_TIME"),
("When is Operating Systems I class?","course","When is","COURSE_TIME"),
("How many credits is Operating Systems I?","course","credits","COURSE_CRED"),
("Who is teaching Operating Systems I?","course","teaching","COURSE_PROFESSOR"),
("Who is the professor for Operating Systems I?","course","professor","COURSE_PROFESSOR"),
("What room is Operating Systems I in?","course","room","COURSE_ROOM"),
("Where is Operating Systems I?","course","Where","COURSE_ROOM"),
("What are the meeting times for Linux System Administration?","course","meeting times","COURSE_TIME"),
("What days are Linux System Administration?","course","What days","COURSE_TIME"),
("When is Linux System Administration class?","course","When is","COURSE_TIME"),
("How many credits is Linux System Administration?","course","credits","COURSE_CRED"),
("Who is teaching Linux System Administration?","course","teaching","COURSE_PROFESSOR"),
("Who is the professor for Linux System Administration?","course","professor","COURSE_PROFESSOR"),
("What room is Linux System Administration in?","course","room","COURSE_ROOM"),
("Where is Linux System Administration?","course","Where","COURSE_ROOM"),
("What are the meeting times for User Interface Design?","course","meeting times","COURSE_TIME"),
("What days are User Interface Design?","course","What days","COURSE_TIME"),
("When is User Interface Design class?","course","When is","COURSE_TIME"),
("How many credits is User Interface Design?","course","credits","COURSE_CRED"),
("Who is teaching User Interface Design?","course","teaching","COURSE_PROFESSOR"),
("Who is the professor for User Interface Design?","course","professor","COURSE_PROFESSOR"),
("What room is User Interface Design in?","course","room","COURSE_ROOM"),
("Where is User Interface Design?","course","Where","COURSE_ROOM"),
("What are the meeting times for Introduction to Data Mining?","course","meeting times","COURSE_TIME"),
("What days are Introduction to Data Mining?","course","What days","COURSE_TIME"),
("When is Introduction to Data Mining class?","course","When is","COURSE_TIME"),
("How many credits is Introduction to Data Mining?","course","credits","COURSE_CRED"),
("Who is teaching Introduction to Data Mining?","course","teaching","COURSE_PROFESSOR"),
("Who is the professor for Introduction to Data Mining?","course","professor","COURSE_PROFESSOR"),
("What room is Introduction to Data Mining in?","course","room","COURSE_ROOM"),
("Where is Introduction to Data Mining?","course","Where","COURSE_ROOM"),
("What are the meeting times for Algorithm Design and Implementation?","course","meeting times","COURSE_TIME"),
("What days are Algorithm Design and Implementation?","course","What days","COURSE_TIME"),
("When is Algorithm Design and Implementation class?","course","When is","COURSE_TIME"),
("How many credits is Algorithm Design and Implementation?","course","credits","COURSE_CRED"),
("Who is teaching Algorithm Design and Implementation?","course","teaching","COURSE_PROFESSOR"),
("Who is the professor for Algorithm Design and Implementation?","course","professor","COURSE_PROFESSOR"),
("What room is Algorithm Design and Implementation in?","course","room","COURSE_ROOM"),
("Where is Algorithm Design and Implementation?","course","Where","COURSE_ROOM"),
("What are the meeting times for Database Management Systems I?","course","meeting times","COURSE_TIME"),
("What days are Database Management Systems I?","course","What days","COURSE_TIME"),
("When is Database Management Systems I class?","course","When is","COURSE_TIME"),
("How many credits is Database Management Systems I?","course","credits","COURSE_CRED"),
("Who is teaching Database Management Systems I?","course","teaching","COURSE_PROFESSOR"),
("Who is the professor for Database Management Systems I?","course","professor","COURSE_PROFESSOR"),
("What room is Database Management Systems I in?","course","room","COURSE_ROOM"),
("Where is Database Management Systems I?","course","Where","COURSE_ROOM"),
("What are the meeting times for Introduction to Robotics?","course","meeting times","COURSE_TIME"),
("What days are Introduction to Robotics?","course","What days","COURSE_TIME"),
("When is Introduction to Robotics class?","course","When is","COURSE_TIME"),
("How many credits is Introduction to Robotics?","course","credits","COURSE_CRED"),
("Who is teaching Introduction to Robotics?","course","teaching","COURSE_PROFESSOR"),
("Who is the professor for Introduction to Robotics?","course","professor","COURSE_PROFESSOR"),
("What room is Introduction to Robotics in?","course","room","COURSE_ROOM"),
("Where is Introduction to Robotics?","course","Where","COURSE_ROOM"),
("What are the meeting times for Computer Networks I?","course","meeting times","COURSE_TIME"),
("What days are Computer Networks I?","course","What days","COURSE_TIME"),
("When is Computer Networks I class?","course","When is","COURSE_TIME"),
("How many credits is Computer Networks I?","course","credits","COURSE_CRED"),
("Who is teaching Computer Networks I?","course","teaching","COURSE_PROFESSOR"),
("Who is the professor for Computer Networks I?","course","professor","COURSE_PROFESSOR"),
("What room is Computer Networks I in?","course","room","COURSE_ROOM"),
("Where is Computer Networks I?","course","Where","COURSE_ROOM"),
("What are the meeting times for Artificial Intelligence I?","course","meeting times","COURSE_TIME"),
("What days are Artificial Intelligence I?","course","What days","COURSE_TIME"),
("When is Artificial Intelligence I class?","course","When is","COURSE_TIME"),
("How many credits is Artificial Intelligence I?","course","credits","COURSE_CRED"),
("Who is teaching Artificial Intelligence I?","course","teaching","COURSE_PROFESSOR"),
("Who is the professor for Artificial Intelligence I?","course","professor","COURSE_PROFESSOR"),
("What room is Artificial Intelligence I in?","course","room","COURSE_ROOM"),
("Where is Artificial Intelligence I?","course","Where","COURSE_ROOM"),
("What are the meeting times for Computer Graphics I?","course","meeting times","COURSE_TIME"),
("What days are Computer Graphics I?","course","What days","COURSE_TIME"),
("When is Computer Graphics I class?","course","When is","COURSE_TIME"),
("How many credits is Computer Graphics I?","course","credits","COURSE_CRED"),
("Who is teaching Computer Graphics I?","course","teaching","COURSE_PROFESSOR"),
("Who is the professor for Computer Graphics I?","course","professor","COURSE_PROFESSOR"),
("What room is Computer Graphics I in?","course","room","COURSE_ROOM"),
("Where is Computer Graphics I?","course","Where","COURSE_ROOM"),
("What are the meeting times for Bioinformatics Programming?","course","meeting times","COURSE_TIME"),
("What days are Bioinformatics Programming?","course","What days","COURSE_TIME"),
("When is Bioinformatics Programming class?","course","When is","COURSE_TIME"),
("How many credits is Bioinformatics Programming?","course","credits","COURSE_CRED"),
("Who is teaching Bioinformatics Programming?","course","teaching","COURSE_PROFESSOR"),
("Who is the professor for Bioinformatics Programming?","course","professor","COURSE_PROFESSOR"),
("What room is Bioinformatics Programming in?","course","room","COURSE_ROOM"),
("Where is Bioinformatics Programming?","course","Where","COURSE_ROOM"),
("What are the meeting times for Automata, Languages, Computability?","course","meeting times","COURSE_TIME"),
("What days are Automata, Languages, Computability?","course","What days","COURSE_TIME"),
("When is Automata, Languages, Computability class?","course","When is","COURSE_TIME"),
("How many credits is Automata, Languages, Computability?","course","credits","COURSE_CRED"),
("Who is teaching Automata, Languages, Computability?","course","teaching","COURSE_PROFESSOR"),
("Who is the professor for Automata, Languages, Computability?","course","professor","COURSE_PROFESSOR"),
("What room is Automata, Languages, Computability in?","course","room","COURSE_ROOM"),
("Where is Automata, Languages, Computability?","course","Where","COURSE_ROOM"),
("What are the meeting times for Computer Security?","course","meeting times","COURSE_TIME"),
("What days are Computer Security?","course","What days","COURSE_TIME"),
("When is Computer Security class?","course","When is","COURSE_TIME"),
("How many credits is Computer Security?","course","credits","COURSE_CRED"),
("Who is teaching Computer Security?","course","teaching","COURSE_PROFESSOR"),
("Who is the professor for Computer Security?","course","professor","COURSE_PROFESSOR"),
("What room is Computer Security in?","course","room","COURSE_ROOM"),
("Where is Computer Security?","course","Where","COURSE_ROOM"),
("What are the meeting times for Introduction to Smart Grids?","course","meeting times","COURSE_TIME"),
("What days are Introduction to Smart Grids?","course","What days","COURSE_TIME"),
("When is Introduction to Smart Grids class?","course","When is","COURSE_TIME"),
("How many credits is Introduction to Smart Grids?","course","credits","COURSE_CRED"),
("Who is teaching Introduction to Smart Grids?","course","teaching","COURSE_PROFESSOR"),
("Who is the professor for Introduction to Smart Grids?","course","professor","COURSE_PROFESSOR"),
("What room is Introduction to Smart Grids in?","course","room","COURSE_ROOM"),
("Where is Introduction to Smart Grids?","course","Where","COURSE_ROOM"),
("What are the meeting times for Human-Centered Computing?","course","meeting times","COURSE_TIME"),
("What days are Human-Centered Computing?","course","What days","COURSE_TIME"),
("When is Human-Centered Computing class?","course","When is","COURSE_TIME"),
("How many credits is Human-Centered Computing?","course","credits","COURSE_CRED"),
("Who is teaching Human-Centered Computing?","course","teaching","COURSE_PROFESSOR"),
("Who is the professor for Human-Centered Computing?","course","professor","COURSE_PROFESSOR"),
("What room is Human-Centered Computing in?","course","room","COURSE_ROOM"),
("Where is Human-Centered Computing?","course","Where","COURSE_ROOM"),
("What are the meeting times for Bioinformatics?","course","meeting times","COURSE_TIME"),
("What days are Bioinformatics?","course","What days","COURSE_TIME"),
("When is Bioinformatics class?","course","When is","COURSE_TIME"),
("How many credits is Bioinformatics?","course","credits","COURSE_CRED"),
("Who is teaching Bioinformatics?","course","teaching","COURSE_PROFESSOR"),
("Who is the professor for Bioinformatics?","course","professor","COURSE_PROFESSOR"),
("What room is Bioinformatics in?","course","room","COURSE_ROOM"),
("Where is Bioinformatics?","course","Where","COURSE_ROOM"),
("What are the meeting times for Digital Game Design?","course","meeting times","COURSE_TIME"),
("What days are Digital Game Design?","course","What days","COURSE_TIME"),
("When is Digital Game Design class?","course","When is","COURSE_TIME"),
("How many credits is Digital Game Design?","course","credits","COURSE_CRED"),
("Who is teaching Digital Game Design?","course","teaching","COURSE_PROFESSOR"),
("Who is the professor for Digital Game Design?","course","professor","COURSE_PROFESSOR"),
("What room is Digital Game Design in?","course","room","COURSE_ROOM"),
("Where is Digital Game Design?","course","Where","COURSE_ROOM"),
("What are the meeting times for Visual Programming?","course","meeting times","COURSE_TIME"),
("What days are Visual Programming?","course","What days","COURSE_TIME"),
("When is Visual Programming class?","course","When is","COURSE_TIME"),
("How many credits is Visual Programming?","course","credits","COURSE_CRED"),
("Who is teaching Visual Programming?","course","teaching","COURSE_PROFESSOR"),
("Who is the professor for Visual Programming?","course","professor","COURSE_PROFESSOR"),
("What room is Visual Programming in?","course","room","COURSE_ROOM"),
("Where is Visual Programming?","course","Where","COURSE_ROOM"),
("What are the meeting times for Applied Machine Learning I?","course","meeting times","COURSE_TIME"),
("What days are Applied Machine Learning I?","course","What days","COURSE_TIME"),
("When is Applied Machine Learning I class?","course","When is","COURSE_TIME"),
("How many credits is Applied Machine Learning I?","course","credits","COURSE_CRED"),
("Who is teaching Applied Machine Learning I?","course","teaching","COURSE_PROFESSOR"),
("Who is the professor for Applied Machine Learning I?","course","professor","COURSE_PROFESSOR"),
("What room is Applied Machine Learning I in?","course","room","COURSE_ROOM"),
("Where is Applied Machine Learning I?","course","Where","COURSE_ROOM"),
("What are the meeting times for Parallel Programming?","course","meeting times","COURSE_TIME"),
("What days are Parallel Programming?","course","What days","COURSE_TIME"),
("When is Parallel Programming class?","course","When is","COURSE_TIME"),
("How many credits is Parallel Programming?","course","credits","COURSE_CRED"),
("Who is teaching Parallel Programming?","course","teaching","COURSE_PROFESSOR"),
("Who is the professor for Parallel Programming?","course","professor","COURSE_PROFESSOR"),
("What room is Parallel Programming in?","course","room","COURSE_ROOM"),
("Where is Parallel Programming?","course","Where","COURSE_ROOM"),
("What are the meeting times for Cloud and Edge Computing?","course","meeting times","COURSE_TIME"),
("What days are Cloud and Edge Computing?","course","What days","COURSE_TIME"),
("When is Cloud and Edge Computing class?","course","When is","COURSE_TIME"),
("How many credits is Cloud and Edge Computing?","course","credits","COURSE_CRED"),
("Who is teaching Cloud and Edge Computing?","course","teaching","COURSE_PROFESSOR"),
("Who is the professor for Cloud and Edge Computing?","course","professor","COURSE_PROFESSOR"),
("What room is Cloud and Edge Computing in?","course","room","COURSE_ROOM"),
("Where is Cloud and Edge Computing?","course","Where","COURSE_ROOM"),
("What are the meeting times for Analysis of Algorithms?","course","meeting times","COURSE_TIME"),
("What days are Analysis of Algorithms?","course","What days","COURSE_TIME"),
("When is Analysis of Algorithms class?","course","When is","COURSE_TIME"),
("How many credits is Analysis of Algorithms?","course","credits","COURSE_CRED"),
("Who is teaching Analysis of Algorithms?","course","teaching","COURSE_PROFESSOR"),
("Who is the professor for Analysis of Algorithms?","course","professor","COURSE_PROFESSOR"),
("What room is Analysis of Algorithms in?","course","room","COURSE_ROOM"),
("Where is Analysis of Algorithms?","course","Where","COURSE_ROOM"),
("What are the meeting times for Programming Language Structure II?","course","meeting times","COURSE_TIME"),
("What days are Programming Language Structure II?","course","What days","COURSE_TIME"),
("When is Programming Language Structure II class?","course","When is","COURSE_TIME"),
("How many credits is Programming Language Structure II?","course","credits","COURSE_CRED"),
("Who is teaching Programming Language Structure II?","course","teaching","COURSE_PROFESSOR"),
("Who is the professor for Programming Language Structure II?","course","professor","COURSE_PROFESSOR"),
("What room is Programming Language Structure II in?","course","room","COURSE_ROOM"),
("Where is Programming Language Structure II?","course","Where","COURSE_ROOM"),
("What are the meeting times for Architectural Concepts II?","course","meeting times","COURSE_TIME"),
("What days are Architectural Concepts II?","course","What days","COURSE_TIME"),
("When is Architectural Concepts II class?","course","When is","COURSE_TIME"),
("How many credits is Architectural Concepts II?","course","credits","COURSE_CRED"),
("Who is teaching Architectural Concepts II?","course","teaching","COURSE_PROFESSOR"),
("Who is the professor for Architectural Concepts II?","course","professor","COURSE_PROFESSOR"),
("What room is Architectural Concepts II in?","course","room","COURSE_ROOM"),
("Where is Architectural Concepts II?","course","Where","COURSE_ROOM"),
("What are the meeting times for Operating Systems II?","course","meeting times","COURSE_TIME"),
("What days are Operating Systems II?","course","What days","COURSE_TIME"),
("When is Operating Systems II class?","course","When is","COURSE_TIME"),
("How many credits is Operating Systems II?","course","credits","COURSE_CRED"),
("Who is teaching Operating Systems II?","course","teaching","COURSE_PROFESSOR"),
("Who is the professor for Operating Systems II?","course","professor","COURSE_PROFESSOR"),
("What room is Operating Systems II in?","course","room","COURSE_ROOM"),
("Where is Operating Systems II?","course","Where","COURSE_ROOM"),
("What are the meeting times for Artificial Intelligence II?","course","meeting times","COURSE_TIME"),
("What days are Artificial Intelligence II?","course","What days","COURSE_TIME"),
("When is Artificial Intelligence II class?","course","When is","COURSE_TIME"),
("How many credits is Artificial Intelligence II?","course","credits","COURSE_CRED"),
("Who is teaching Artificial Intelligence II?","course","teaching","COURSE_PROFESSOR"),
("Who is the professor for Artificial Intelligence II?","course","professor","COURSE_PROFESSOR"),
("What room is Artificial Intelligence II in?","course","room","COURSE_ROOM"),
("Where is Artificial Intelligence II?","course","Where","COURSE_ROOM"),
("What are the meeting times for Special Topics?","course","meeting times","COURSE_TIME"),
("What days are Special Topics?","course","What days","COURSE_TIME"),
("When is Special Topics class?","course","When is","COURSE_TIME"),
("How many credits is Special Topics?","course","credits","COURSE_CRED"),
("Who is teaching Special Topics?","course","teaching","COURSE_PROFESSOR"),
("Who is the professor for Special Topics?","course","professor","COURSE_PROFESSOR"),
("What room is Special Topics in?","course","room","COURSE_ROOM"),
("Where is Special Topics?","course","Where","COURSE_ROOM"),
("What are the meeting times for Advanced Software Engineering?","course","meeting times","COURSE_TIME"),
("What days are Advanced Software Engineering?","course","What days","COURSE_TIME"),
("When is Advanced Software Engineering class?","course","When is","COURSE_TIME"),
("How many credits is Advanced Software Engineering?","course","credits","COURSE_CRED"),
("Who is teaching Advanced Software Engineering?","course","teaching","COURSE_PROFESSOR"),
("Who is the professor for Advanced Software Engineering?","course","professor","COURSE_PROFESSOR"),
("What room is Advanced Software Engineering in?","course","room","COURSE_ROOM"),
("Where is Advanced Software Engineering?","course","Where","COURSE_ROOM"),
("What are the meeting times for Database Management Systems II?","course","meeting times","COURSE_TIME"),
("What days are Database Management Systems II?","course","What days","COURSE_TIME"),
("When is Database Management Systems II class?","course","When is","COURSE_TIME"),
("How many credits is Database Management Systems II?","course","credits","COURSE_CRED"),
("Who is teaching Database Management Systems II?","course","teaching","COURSE_PROFESSOR"),
("Who is the professor for Database Management Systems II?","course","professor","COURSE_PROFESSOR"),
("What room is Database Management Systems II in?","course","room","COURSE_ROOM"),
("Where is Database Management Systems II?","course","Where","COURSE_ROOM"),
("What are the meeting times for Advanced Cryptography?","course","meeting times","COURSE_TIME"),
("What days are Advanced Cryptography?","course","What days","COURSE_TIME"),
("When is Advanced Cryptography class?","course","When is","COURSE_TIME"),
("How many credits is Advanced Cryptography?","course","credits","COURSE_CRED"),
("Who is teaching Advanced Cryptography?","course","teaching","COURSE_PROFESSOR"),
("Who is the professor for Advanced Cryptography?","course","professor","COURSE_PROFESSOR"),
("What room is Advanced Cryptography in?","course","room","COURSE_ROOM"),
("Where is Advanced Cryptography?","course","Where","COURSE_ROOM"),
("What are the meeting times for Computer Networks II?","course","meeting times","COURSE_TIME"),
("What days are Computer Networks II?","course","What days","COURSE_TIME"),
("When is Computer Networks II class?","course","When is","COURSE_TIME"),
("How many credits is Computer Networks II?","course","credits","COURSE_CRED"),
("Who is teaching Computer Networks II?","course","teaching","COURSE_PROFESSOR"),
("Who is the professor for Computer Networks II?","course","professor","COURSE_PROFESSOR"),
("What room is Computer Networks II in?","course","room","COURSE_ROOM"),
("Where is Computer Networks II?","course","Where","COURSE_ROOM"),
("What are the meeting times for Algorithms in Systems Biology?","course","meeting times","COURSE_TIME"),
("What days are Algorithms in Systems Biology?","course","What days","COURSE_TIME"),
("When is Algorithms in Systems Biology class?","course","When is","COURSE_TIME"),
("How many credits is Algorithms in Systems Biology?","course","credits","COURSE_CRED"),
("Who is teaching Algorithms in Systems Biology?","course","teaching","COURSE_PROFESSOR"),
("Who is the professor for Algorithms in Systems Biology?","course","professor","COURSE_PROFESSOR"),
("What room is Algorithms in Systems Biology in?","course","room","COURSE_ROOM"),
("Where is Algorithms in Systems Biology?","course","Where","COURSE_ROOM"),
("What are the meeting times for Advanced Human-Centered Computing?","course","meeting times","COURSE_TIME"),
("What days are Advanced Human-Centered Computing?","course","What days","COURSE_TIME"),
("When is Advanced Human-Centered Computing class?","course","When is","COURSE_TIME"),
("How many credits is Advanced Human-Centered Computing?","course","credits","COURSE_CRED"),
("Who is teaching Advanced Human-Centered Computing?","course","teaching","COURSE_PROFESSOR"),
("Who is the professor for Advanced Human-Centered Computing?","course","professor","COURSE_PROFESSOR"),
("What room is Advanced Human-Centered Computing in?","course","room","COURSE_ROOM"),
("Where is Advanced Human-Centered Computing?","course","Where","COURSE_ROOM"),
("What are the meeting times for Special Research Problems?","course","meeting times","COURSE_TIME"),
("What days are Special Research Problems?","course","What days","COURSE_TIME"),
("When is Special Research Problems class?","course","When is","COURSE_TIME"),
("How many credits is Special Research Problems?","course","credits","COURSE_CRED"),
("Who is teaching Special Research Problems?","course","teaching","COURSE_PROFESSOR"),
("Who is the professor for Special Research Problems?","course","professor","COURSE_PROFESSOR"),
("What room is Special Research Problems in?","course","room","COURSE_ROOM"),
("Where is Special Research Problems?","course","Where","COURSE_ROOM"),
("What are the meeting times for Master's Project?","course","meeting times","COURSE_TIME"),
("What days are Master's Project?","course","What days","COURSE_TIME"),
("When is Master's Project class?","course","When is","COURSE_TIME"),
("How many credits is Master's Project?","course","credits","COURSE_CRED"),
("Who is teaching Master's Project?","course","teaching","COURSE_PROFESSOR"),
("Who is the professor for Master's Project?","course","professor","COURSE_PROFESSOR"),
("What room is Master's Project in?","course","room","COURSE_ROOM"),
("Where is Master's Project?","course","Where","COURSE_ROOM"),
("What are the meeting times for Master's Thesis?","course","meeting times","COURSE_TIME"),
("What days are Master's Thesis?","course","What days","COURSE_TIME"),
("When is Master's Thesis class?","course","When is","COURSE_TIME"),
("How many credits is Master's Thesis?","course","credits","COURSE_CRED"),
("Who is teaching Master's Thesis?","course","teaching","COURSE_PROFESSOR"),
("Who is the professor for Master's Thesis?","course","professor","COURSE_PROFESSOR"),
("What room is Master's Thesis in?","course","room","COURSE_ROOM"),
("Where is Master's Thesis?","course","Where","COURSE_ROOM"),
("What are the meeting times for Pre-dissertation Research?","course","meeting times","COURSE_TIME"),
("What days are Pre-dissertation Research?","course","What days","COURSE_TIME"),
("When is Pre-dissertation Research class?","course","When is","COURSE_TIME"),
("How many credits is Pre-dissertation Research?","course","credits","COURSE_CRED"),
("Who is teaching Pre-dissertation Research?","course","teaching","COURSE_PROFESSOR"),
("Who is the professor for Pre-dissertation Research?","course","professor","COURSE_PROFESSOR"),
("What room is Pre-dissertation Research in?","course","room","COURSE_ROOM"),
("Where is Pre-dissertation Research?","course","Where","COURSE_ROOM"),
("What are the meeting times for Doctoral Dissertation?","course","meeting times","COURSE_TIME"),
("What days are Doctoral Dissertation?","course","What days","COURSE_TIME"),
("When is Doctoral Dissertation class?","course","When is","COURSE_TIME"),
("How many credits is Doctoral Dissertation?","course","credits","COURSE_CRED"),
("Who is teaching Doctoral Dissertation?","course","teaching","COURSE_PROFESSOR"),
("Who is the professor for Doctoral Dissertation?","course","professor","COURSE_PROFESSOR"),
("What room is Doctoral Dissertation in?","course","room","COURSE_ROOM"),
("Where is Doctoral Dissertation?","course","Where","COURSE_ROOM")